Protocollo;Gruppo;DataOraIncidente;Localizzazione1;STRADA1;Localizzazione2;STRADA2;Strada02;Chilometrica;DaSpecificare;NaturaIncidente;particolaritastrade;TipoStrada;FondoStradale;Pavimentazione;Segnaletica;CondizioneAtmosferica;Traffico;Visibilita;Illuminazione;NUM_FERITI;NUM_RISERVATA;NUM_MORTI;NUM_ILLESI;Longitudine;Latitudine;Confermato;Progressivo;TipoVeicolo;StatoVeicolo;TipoPersona;Sesso;Tipolesione;Deceduto;DecedutoDopo;CinturaCascoUtilizzato;Airbag
1688230;13;08/07/2006 14:15;Strada Urbana;PIAZZALE CRISTOFORO COLOMBO;all'intersezione con;LUNGOMARE LUTAZIO CATULO;LUNGOMARE LUTAZIO CATULO;;;Scontro frontale/laterale SX fra veicoli in marcia;Rotatoria;Una carreggiata a senso unico di marcia;Asciutto;Asfaltata;Verticale ed orizzontale;Sereno;Normale;Buona;Ore Diurne;0;0;0;4;;;-1;2;Autovettura privata;In marcia / fermata / arresto;Passeggero;M;Illeso;0;;Non accertato;Inesistente
1688230;13;08/07/2006 14:15;Strada Urbana;PIAZZALE CRISTOFORO COLOMBO;all'intersezione con;LUNGOMARE LUTAZIO CATULO;LUNGOMARE LUTAZIO CATULO;;;Scontro frontale/laterale SX fra veicoli in marcia;Rotatoria;Una carreggiata a senso unico di marcia;Asciutto;Asfaltata;Verticale ed orizzontale;Sereno;Normale;Buona;Ore Diurne;0;0;0;4;;;-1;2;Autovettura privata;In marcia / fermata / arresto;Passeggero;F;Illeso;0;;Non accertato;Inesploso
1688231;13;08/07/2006 17:45;Strada Urbana;VIA DEI BRAGOZZI;all'intersezione con;VIA DELLA PARANZELLA;VIA DELLA PARANZELLA;;;Scontro frontale/laterale SX fra veicoli in marcia;Incrocio;Una carreggiata a doppio senso;Asciutto;Asfaltata;Verticale ed orizzontale;Sereno;Normale;Buona;Ore Diurne;0;0;0;2;;;-1;1;Autovettura privata;In marcia / fermata / arresto;Conducente;M;Illeso;0;;Non utilizzato;Inesploso
1688231;13;08/07/2006 17:45;Strada Urbana;VIA DEI BRAGOZZI;all'intersezione con;VIA DELLA PARANZELLA;VIA DELLA PARANZELLA;;;Scontro frontale/laterale SX fra veicoli in marcia;Incrocio;Una carreggiata a doppio senso;Asciutto;Asfaltata;Verticale ed orizzontale;Sereno;Normale;Buona;Ore Diurne;0;0;0;2;;;-1;2;Autovettura privata;In marcia / fermata / arresto;Conducente;F;Illeso;0;;Non accertato;Inesploso
1688232;13;08/07/2006 20:35;Strada Urbana;VIA ALESSANDRO GERALDINI;all'intersezione con;VIA ISABELLA DI CASTIGLIA;VIA ISABELLA DI CASTIGLIA;;;Scontro frontale/laterale SX fra veicoli in marcia;Incrocio;Una carreggiata a senso unico di marcia;Asciutto;Asfaltata;Verticale;Sereno;Scarso;Buona;Sufficiente;0;0;0;2;;;-1;1;Autovettura privata;In marcia / fermata / arresto;Conducente;M;Illeso;0;;Utilizzato;Inesistente
1688232;13;08/07/2006 20:35;Strada Urbana;VIA ALESSANDRO GERALDINI;all'intersezione con;VIA ISABELLA DI CASTIGLIA;VIA ISABELLA DI CASTIGLIA;;;Scontro frontale/laterale SX fra veicoli in marcia;Incrocio;Una carreggiata a senso unico di marcia;Asciutto;Asfaltata;Verticale;Sereno;Scarso;Buona;Sufficiente;0;0;0;2;;;-1;2;Autovettura privata;In marcia / fermata / arresto;Conducente;M;Illeso;0;;Utilizzato;Inesistente
1688233;13;08/07/2006 20:45;Strada Urbana;LUNGOMARE AMERIGO VESPUCCI;da specificare;;;;FRONTE STABILIMENTO LIDO AZZURRO;Scontro frontale/laterale DX fra veicoli in marcia;Rettilineo;Una carreggiata a doppio senso;Asciutto;Asfaltata;Orizzontale;Sereno;Scarso;Buona;Sufficiente;1;0;0;1;;;-1;1;Autovettura privata;In marcia / fermata / arresto;Conducente;M;Illeso;0;;Non accertato;Inesploso
1688233;13;08/07/2006 20:45;Strada Urbana;LUNGOMARE AMERIGO VESPUCCI;da specificare;;;;FRONTE STABILIMENTO LIDO AZZURRO;Scontro frontale/laterale DX fra veicoli in marcia;Rettilineo;Una carreggiata a doppio senso;Asciutto;Asfaltata;Orizzontale;Sereno;Scarso;Buona;Sufficiente;1;0;0;1;;;-1;2;Motociclo a solo;In marcia / fermata / arresto;Conducente;M;Rimandato;0;NON DECEDUTO;Utilizzato;Inesistente
1688234;13;09/07/2006 01:35;Strada Urbana;LUNGOMARE AMERIGO VESPUCCI;da specificare;;;;FRONTE STABILIMENTO IL GABBIANO;Scontro frontale/laterale SX fra veicoli in marcia;Rettilineo;Una carreggiata a doppio senso;Asciutto;Asfaltata;Orizzontale;Sereno;Intenso;Buona;Sufficiente;1;0;0;1;;;-1;1;Autovettura privata;In marcia / fermata / arresto;Conducente;M;Illeso;0;;Utilizzato;Inesploso
1688234;13;09/07/2006 01:35;Strada Urbana;LUNGOMARE AMERIGO VESPUCCI;da specificare;;;;FRONTE STABILIMENTO IL GABBIANO;Scontro frontale/laterale SX fra veicoli in marcia;Rettilineo;Una carreggiata a doppio senso;Asciutto;Asfaltata;Orizzontale;Sereno;Intenso;Buona;Sufficiente;1;0;0;1;;;-1;2;Ciclomotore;In marcia / fermata / arresto;Conducente;M;Rimandato;0;NON DECEDUTO;Non accertato;Inesistente
1688235;13;09/07/2006 11:20;Strada Urbana;VIA GIULIANO DA SANGALLO;all'intersezione con;VIA S. PIER DAMIANI;VIA S. PIER DAMIANI;;;Scontro frontale/laterale SX fra veicoli in marcia;Incrocio;Una carreggiata a doppio senso;Asciutto;Asfaltata;Orizzontale;Sereno;Scarso;Buona;Ore Diurne;0;0;0;3;;;-1;1;Autovettura privata;In marcia / fermata / arresto;Conducente;F;Illeso;0;;Non accertato;Inesistente
1688235;13;09/07/2006 11:20;Strada Urbana;VIA GIULIANO DA SANGALLO;all'intersezione con;VIA S. PIER DAMIANI;VIA S. PIER DAMIANI;;;Scontro frontale/laterale SX fra veicoli in marcia;Incrocio;Una carreggiata a doppio senso;Asciutto;Asfaltata;Orizzontale;Sereno;Scarso;Buona;Ore Diurne;0;0;0;3;;;-1;2;Autovettura privata;In marcia / fermata / arresto;Conducente;M;Illeso;0;;Non accertato;Inesistente
1688235;13;09/07/2006 11:20;Strada Urbana;VIA GIULIANO DA SANGALLO;all'intersezione con;VIA S. PIER DAMIANI;VIA S. PIER DAMIANI;;;Scontro frontale/laterale SX fra veicoli in marcia;Incrocio;Una carreggiata a doppio senso;Asciutto;Asfaltata;Orizzontale;Sereno;Scarso;Buona;Ore Diurne;0;0;0;3;;;-1;2;Autovettura privata;In marcia / fermata / arresto;Passeggero;F;Illeso;0;;Non accertato;Inesistente
1688236;13;09/07/2006 13:45;Strada Urbana;LUNGOMARE AMERIGO VESPUCCI;all'intersezione con;VIA GUIDO BOGGIANI;VIA GUIDO BOGGIANI;;;Scontro frontale/laterale DX fra veicoli in marcia;Incrocio;Due carreggiate;Asciutto;Asfaltata;Verticale ed orizzontale;Sereno;Scarso;Buona;Ore Diurne;0;0;0;2;;;-1;1;Autovettura privata;In marcia / fermata / arresto;Conducente;M;Illeso;0;;Utilizzato;Inesploso
1688236;13;09/07/2006 13:45;Strada Urbana;LUNGOMARE AMERIGO VESPUCCI;all'intersezione con;VIA GUIDO BOGGIANI;VIA GUIDO BOGGIANI;;;Scontro frontale/laterale DX fra veicoli in marcia;Incrocio;Due carreggiate;Asciutto;Asfaltata;Verticale ed orizzontale;Sereno;Scarso;Buona;Ore Diurne;0;0;0;2;;;-1;2;Motociclo a solo;In marcia / fermata / arresto;Conducente;M;Illeso;0;;Non accertato;Inesistente
1688237;13;09/07/2006 16:30;Strada Urbana;VIA DEI MONTI DI S. PAOLO;in corrispondenza;;via lorenzo nerucci;.;;Scontro laterale fra veicoli in marcia;Rettilineo;Una carreggiata a doppio senso;Asciutto;Asfaltata;Orizzontale;Sereno;Scarso;Buona;Ore Diurne;2;0;0;1;;;-1;1;Autovettura privata;In marcia / fermata / arresto;Conducente;M;Illeso;0;;Non accertato;Inesploso
1688237;13;09/07/2006 16:30;Strada Urbana;VIA DEI MONTI DI S. PAOLO;in corrispondenza;;via lorenzo nerucci;.;;Scontro laterale fra veicoli in marcia;Rettilineo;Una carreggiata a doppio senso;Asciutto;Asfaltata;Orizzontale;Sereno;Scarso;Buona;Ore Diurne;2;0;0;1;;;-1;2;Ciclomotore;In marcia / fermata / arresto;Conducente;M;Rimandato;0;NON DECEDUTO;Non accertato;Inesistente
1688237;13;09/07/2006 16:30;Strada Urbana;VIA DEI MONTI DI S. PAOLO;in corrispondenza;;via lorenzo nerucci;.;;Scontro laterale fra veicoli in marcia;Rettilineo;Una carreggiata a doppio senso;Asciutto;Asfaltata;Orizzontale;Sereno;Scarso;Buona;Ore Diurne;2;0;0;1;;;-1;2;Ciclomotore;In marcia / fermata / arresto;Passeggero;F;Rimandato;0;NON DECEDUTO;Non accertato;Inesistente
1688238;13;09/07/2006 18:15;Strada Urbana;VIALE CARDINAL GINNASI;da specificare;;;;INGRESSO CHIESA;Scontro laterale fra veicoli in marcia;Rettilineo;Due carreggiate;Asciutto;Asfaltata;Assente;Sereno;Normale;Buona;Ore Diurne;0;0;0;2;;;-1;1;Autovettura privata;In marcia / fermata / arresto;Conducente;F;Illeso;0;;Non accertato;Inesistente
1688238;13;09/07/2006 18:15;Strada Urbana;VIALE CARDINAL GINNASI;da specificare;;;;INGRESSO CHIESA;Scontro laterale fra veicoli in marcia;Rettilineo;Due carreggiate;Asciutto;Asfaltata;Assente;Sereno;Normale;Buona;Ore Diurne;0;0;0;2;;;-1;2;Autovettura privata;In marcia / fermata / arresto;Conducente;M;Illeso;0;;Non accertato;Inesistente
1688239;15;07/07/2006 07:00;Strada Urbana;VIA PORTUENSE;all'intersezione con;VIA EMPOLI;VIA EMPOLI;;;Infortunio per caduta del veicolo;Incrocio;Una carreggiata a doppio senso;Bagnato (pioggia);Asfaltata;Orizzontale;Nuvoloso;Normale;Buona;Ore Diurne;1;0;0;2;;;-1;1;Motociclo a solo;In marcia / fermata / arresto;Conducente;M;Rimandato;0;NON DECEDUTO;Utilizzato;Inesistente
1688239;15;07/07/2006 07:00;Strada Urbana;VIA PORTUENSE;all'intersezione con;VIA EMPOLI;VIA EMPOLI;;;Infortunio per caduta del veicolo;Incrocio;Una carreggiata a doppio senso;Bagnato (pioggia);Asfaltata;Orizzontale;Nuvoloso;Normale;Buona;Ore Diurne;1;0;0;2;;;-1;2;Autovettura privata;In marcia / fermata / arresto;Conducente;F;Illeso;0;;Utilizzato;Inesistente
1688239;15;07/07/2006 07:00;Strada Urbana;VIA PORTUENSE;all'intersezione con;VIA EMPOLI;VIA EMPOLI;;;Infortunio per caduta del veicolo;Incrocio;Una carreggiata a doppio senso;Bagnato (pioggia);Asfaltata;Orizzontale;Nuvoloso;Normale;Buona;Ore Diurne;1;0;0;2;;;-1;3;Autovettura privata;In marcia / fermata / arresto;Conducente;F;Illeso;0;;Non accertato;Inesistente
1688240;15;07/07/2006 07:40;Strada Urbana;VIALE CASTELLO DELLA MAGLIANA;da specificare;;;;sottovia Roma-Fiumicino direz. Via L. D'Asti;Veicolo in marcia contro ostacolo fisso;Sottopasso illuminato;Una carreggiata a senso unico di marcia;Bagnato (pioggia);Asfaltata;Verticale ed orizzontale;Pioggia in atto;Intenso;Sufficiente;Ore Diurne;0;0;0;1;;;-1;1;Autocarro inferiore 35 q.;In marcia / fermata / arresto;Conducente;M;Illeso;0;;Utilizzato;Inesistente
1688241;15;07/07/2006 09:10;Strada Urbana;VIA DI MONTE CUCCO;in corrispondenza;;del civico n. ;151;;Infortunio per caduta del veicolo;Curva a visuale libera;Una carreggiata a doppio senso;Bagnato (pioggia);Asfaltata;Orizzontale;Nuvoloso;Normale;Buona;Ore Diurne;1;0;0;0;;;-1;1;Ciclomotore;In marcia / fermata / arresto;Conducente;F;Rimandato;0;NON DECEDUTO;Utilizzato;Inesistente
1688242;15;07/07/2006 10:40;Strada Urbana;VIA PORTUENSE;in corrispondenza;;del civico n. ;720/F;;Scontro laterale fra veicoli in marcia;Rettilineo;Una carreggiata a doppio senso;Asciutto;Asfaltata;Orizzontale;Sereno;Normale;Buona;Ore Diurne;1;0;0;1;;;-1;1;Autovettura privata;In marcia / fermata / arresto;Conducente;M;Illeso;0;;Utilizzato;Inesistente
1688242;15;07/07/2006 10:40;Strada Urbana;VIA PORTUENSE;in corrispondenza;;del civico n. ;720/F;;Scontro laterale fra veicoli in marcia;Rettilineo;Una carreggiata a doppio senso;Asciutto;Asfaltata;Orizzontale;Sereno;Normale;Buona;Ore Diurne;1;0;0;1;;;-1;2;Motociclo a solo;In marcia / fermata / arresto;Conducente;M;Ricoverato;0;NON DECEDUTO;Utilizzato;Inesistente
1688243;15;07/07/2006 13:50;Strada Urbana;VIA QUIRINO MAJORANA;in corrispondenza;;del civico n. ;110;;Tamponamento;Rettilineo;Una carreggiata a doppio senso;Asciutto;Asfaltata;Orizzontale;Nuvoloso;Normale;Buona;Ore Diurne;1;0;0;1;;;-1;1;Autovettura privata;In marcia / fermata / arresto;Conducente;F;Illeso;0;;Utilizzato;Inesistente
1688243;15;07/07/2006 13:50;Strada Urbana;VIA QUIRINO MAJORANA;in corrispondenza;;del civico n. ;110;;Tamponamento;Rettilineo;Una carreggiata a doppio senso;Asciutto;Asfaltata;Orizzontale;Nuvoloso;Normale;Buona;Ore Diurne;1;0;0;1;;;-1;2;Motociclo a solo;In marcia / fermata / arresto;Conducente;M;Rimandato;0;NON DECEDUTO;Utilizzato;Inesistente
1688244;15;07/07/2006 17:50;Strada Urbana;VIA GAETANO FUGGETTA;in corrispondenza;;del palo luce n. ;78;;Veicolo in marcia contro veicolo in sosta;Rettilineo;Una carreggiata a senso unico di marcia;Asciutto;Asfaltata;Verticale ed orizzontale;Nuvoloso;Scarso;Buona;Ore Diurne;0;0;0;1;;;-1;1;Autovettura privata;In marcia / fermata / arresto;Conducente;M;Illeso;0;;Utilizzato;Inesistente
1688245;15;07/07/2006 19:35;Strada Urbana;VIA FRANCESCO GRIMALDI;in corrispondenza;;del civico n. ;32;;Scontro laterale fra veicoli in marcia;Rettilineo;Due carreggiate;Bagnato (pioggia);Asfaltata;Verticale ed orizzontale;Nuvoloso;Normale;Sufficiente;Sufficiente;0;0;0;2;;;-1;1;Autovettura privata;In marcia / fermata / arresto;Conducente;F;Illeso;0;;Utilizzato;Inesistente
1688245;15;07/07/2006 19:35;Strada Urbana;VIA FRANCESCO GRIMALDI;in corrispondenza;;del civico n. ;32;;Scontro laterale fra veicoli in marcia;Rettilineo;Due carreggiate;Bagnato (pioggia);Asfaltata;Verticale ed orizzontale;Nuvoloso;Normale;Sufficiente;Sufficiente;0;0;0;2;;;-1;2;Autovettura privata;In marcia / fermata / arresto;Conducente;M;Illeso;0;;Utilizzato;Inesistente
1688246;15;08/07/2006 09:00;Strada Urbana;VIA DELLA CASETTA MATTEI;in corrispondenza;;del civico n. ;221;;Tamponamento;Rettilineo;Una carreggiata a senso unico di marcia;Asciutto;Asfaltata;Orizzontale;Sereno;Normale;Buona;Ore Diurne;1;0;0;1;;;-1;1;Autovettura privata;In marcia / fermata / arresto;Conducente;M;Rimandato;0;NON DECEDUTO;Utilizzato;Inesistente
1688246;15;08/07/2006 09:00;Strada Urbana;VIA DELLA CASETTA MATTEI;in corrispondenza;;del civico n. ;221;;Tamponamento;Rettilineo;Una carreggiata a senso unico di marcia;Asciutto;Asfaltata;Orizzontale;Sereno;Normale;Buona;Ore Diurne;1;0;0;1;;;-1;2;Autovettura privata;In marcia / fermata / arresto;Conducente;M;Illeso;0;;Non utilizzato;Inesistente
1688247;15;08/07/2006 09:20;Strada Urbana;LUNGOTEVERE DI PIETRA PAPA;in corrispondenza;;del civico n. ;121;;Veicolo in marcia contro ostacolo fisso;Curva a visuale libera;Due carreggiate;Asciutto;Con buche;Orizzontale;Sereno;Normale;Buona;Ore Diurne;0;0;0;1;;;-1;1;Autovettura privata;In marcia / fermata / arresto;Conducente;M;Illeso;0;;Utilizzato;Inesistente
1688248;15;08/07/2006 15:45;Strada Urbana;VIA PORTUENSE;in prossimità;;del civico n. ;1680;;Scontro frontale fra veicoli in marcia;Rettilineo;Una carreggiata a doppio senso;Asciutto;Asfaltata;Verticale ed orizzontale;Sereno;Normale;Buona;Ore Diurne;2;0;0;2;;;-1;1;Autovettura privata;In marcia / fermata / arresto;Conducente;M;Illeso;0;;Utilizzato;Inesistente
1688248;15;08/07/2006 15:45;Strada Urbana;VIA PORTUENSE;in prossimità;;del civico n. ;1680;;Scontro frontale fra veicoli in marcia;Rettilineo;Una carreggiata a doppio senso;Asciutto;Asfaltata;Verticale ed orizzontale;Sereno;Normale;Buona;Ore Diurne;2;0;0;2;;;-1;1;Autovettura privata;In marcia / fermata / arresto;Passeggero;F;Illeso;0;;Utilizzato;Inesistente
1688248;15;08/07/2006 15:45;Strada Urbana;VIA PORTUENSE;in prossimità;;del civico n. ;1680;;Scontro frontale fra veicoli in marcia;Rettilineo;Una carreggiata a doppio senso;Asciutto;Asfaltata;Verticale ed orizzontale;Sereno;Normale;Buona;Ore Diurne;2;0;0;2;;;-1;2;Motociclo con passeggero;In marcia / fermata / arresto;Conducente;M;Ricoverato;0;NON DECEDUTO;Utilizzato;Inesistente
1688248;15;08/07/2006 15:45;Strada Urbana;VIA PORTUENSE;in prossimità;;del civico n. ;1680;;Scontro frontale fra veicoli in marcia;Rettilineo;Una carreggiata a doppio senso;Asciutto;Asfaltata;Verticale ed orizzontale;Sereno;Normale;Buona;Ore Diurne;2;0;0;2;;;-1;2;Motociclo con passeggero;In marcia / fermata / arresto;Passeggero;F;Ricoverato;0;NON DECEDUTO;Utilizzato;Inesistente
1688249;15;08/07/2006 18:35;Strada Urbana;VIA ENRICO FERMI;in corrispondenza;;del civico n. ;11;;Scontro laterale fra veicoli in marcia;Rettilineo;Una carreggiata a senso unico di marcia;Asciutto;Asfaltata;Assente;Sereno;Intenso;Buona;Ore Diurne;0;0;0;3;;;-1;1;Autovettura privata;In marcia / fermata / arresto;Conducente;M;Illeso;0;;Utilizzato;Inesistente
1688249;15;08/07/2006 18:35;Strada Urbana;VIA ENRICO FERMI;in corrispondenza;;del civico n. ;11;;Scontro laterale fra veicoli in marcia;Rettilineo;Una carreggiata a senso unico di marcia;Asciutto;Asfaltata;Assente;Sereno;Intenso;Buona;Ore Diurne;0;0;0;3;;;-1;1;Autovettura privata;In marcia / fermata / arresto;Passeggero;F;Illeso;0;;Utilizzato;Inesistente
1688249;15;08/07/2006 18:35;Strada Urbana;VIA ENRICO FERMI;in corrispondenza;;del civico n. ;11;;Scontro laterale fra veicoli in marcia;Rettilineo;Una carreggiata a senso unico di marcia;Asciutto;Asfaltata;Assente;Sereno;Intenso;Buona;Ore Diurne;0;0;0;3;;;-1;2;Motociclo a solo;In marcia / fermata / arresto;Conducente;M;Illeso;0;;Utilizzato;Inesistente
1688250;15;09/07/2006 01:15;Strada Urbana;VIALE DI TRASTEVERE;all'intersezione con;VIA GIUSEPPE PARINI;VIA GIUSEPPE PARINI;;;Infortunio per caduta del veicolo;Incrocio;Una carreggiata a senso unico di marcia;Asciutto;Asfaltata;Orizzontale;Sereno;Scarso;Buona;Sufficiente;0;0;0;5;;;-1;1;Autovettura privata;In marcia / fermata / arresto;Conducente;M;Illeso;0;;Utilizzato;Inesistente
1688250;15;09/07/2006 01:15;Strada Urbana;VIALE DI TRASTEVERE;all'intersezione con;VIA GIUSEPPE PARINI;VIA GIUSEPPE PARINI;;;Infortunio per caduta del veicolo;Incrocio;Una carreggiata a senso unico di marcia;Asciutto;Asfaltata;Orizzontale;Sereno;Scarso;Buona;Sufficiente;0;0;0;5;;;-1;1;Autovettura privata;In marcia / fermata / arresto;Passeggero;F;Illeso;0;;Utilizzato;Inesistente
1688250;15;09/07/2006 01:15;Strada Urbana;VIALE DI TRASTEVERE;all'intersezione con;VIA GIUSEPPE PARINI;VIA GIUSEPPE PARINI;;;Infortunio per caduta del veicolo;Incrocio;Una carreggiata a senso unico di marcia;Asciutto;Asfaltata;Orizzontale;Sereno;Scarso;Buona;Sufficiente;0;0;0;5;;;-1;1;Autovettura privata;In marcia / fermata / arresto;Passeggero;M;Illeso;0;;Utilizzato;Inesistente
1688250;15;09/07/2006 01:15;Strada Urbana;VIALE DI TRASTEVERE;all'intersezione con;VIA GIUSEPPE PARINI;VIA GIUSEPPE PARINI;;;Infortunio per caduta del veicolo;Incrocio;Una carreggiata a senso unico di marcia;Asciutto;Asfaltata;Orizzontale;Sereno;Scarso;Buona;Sufficiente;0;0;0;5;;;-1;2;Autovettura privata;In marcia / fermata / arresto;Conducente;M;Illeso;0;;Utilizzato;Inesistente
1688251;15;09/07/2006 16:50;Strada Urbana;VIA PORTUENSE;all'intersezione con;VIA MARTINO MARTINI;VIA MARTINO MARTINI;;;Tamponamento;Intersezione semaforizzata;Una carreggiata a doppio senso;Asciutto;Asfaltata;Verticale ed orizzontale;Sereno;Scarso;Buona;Ore Diurne;0;0;0;2;;;-1;1;Autovettura privata;In marcia / fermata / arresto;Conducente;M;Illeso;0;;Utilizzato;Inesistente
1688251;15;09/07/2006 16:50;Strada Urbana;VIA PORTUENSE;all'intersezione con;VIA MARTINO MARTINI;VIA MARTINO MARTINI;;;Tamponamento;Intersezione semaforizzata;Una carreggiata a doppio senso;Asciutto;Asfaltata;Verticale ed orizzontale;Sereno;Scarso;Buona;Ore Diurne;0;0;0;2;;;-1;2;Autovettura privata;In marcia / fermata / arresto;Conducente;M;Illeso;0;;Utilizzato;Inesistente
1688252;15;09/07/2006 19:30;Strada Urbana;VIA PORTUENSE;in prossimità;;del civico n. ;1585;;Scontro frontale/laterale SX fra veicoli in marcia;Rettilineo;Una carreggiata a doppio senso;Asciutto;Asfaltata;Orizzontale;Sereno;Normale;Sufficiente;Ore Diurne;2;0;0;1;;;-1;1;Autovettura privata;In marcia / fermata / arresto;Conducente;M;Illeso;0;;Utilizzato;Inesistente
1688252;15;09/07/2006 19:30;Strada Urbana;VIA PORTUENSE;in prossimità;;del civico n. ;1585;;Scontro frontale/laterale SX fra veicoli in marcia;Rettilineo;Una carreggiata a doppio senso;Asciutto;Asfaltata;Orizzontale;Sereno;Normale;Sufficiente;Ore Diurne;2;0;0;1;;;-1;2;Motociclo con passeggero;In marcia / fermata / arresto;Conducente;M;Rimandato;0;NON DECEDUTO;Utilizzato;Inesistente
1688252;15;09/07/2006 19:30;Strada Urbana;VIA PORTUENSE;in prossimità;;del civico n. ;1585;;Scontro frontale/laterale SX fra veicoli in marcia;Rettilineo;Una carreggiata a doppio senso;Asciutto;Asfaltata;Orizzontale;Sereno;Normale;Sufficiente;Ore Diurne;2;0;0;1;;;-1;2;Motociclo con passeggero;In marcia / fermata / arresto;Passeggero;F;Rimandato;0;NON DECEDUTO;Utilizzato;Inesistente
1688253;16;10/07/2006 09:50;Strada Urbana;VIA DELLA PISANA;all'intersezione con;VIA DI BRAVETTA;VIA DI BRAVETTA;;;Scontro laterale fra veicoli in marcia;Intersezione stradale segnalata;Una carreggiata a doppio senso;Asciutto;Asfaltata;Verticale;Sereno;Intenso;Buona;Ore Diurne;0;0;0;4;;;-1;1;Autovettura privata;In marcia / fermata / arresto;Conducente;F;Illeso;0;;Non accertato;Inesistente
1688253;16;10/07/2006 09:50;Strada Urbana;VIA DELLA PISANA;all'intersezione con;VIA DI BRAVETTA;VIA DI BRAVETTA;;;Scontro laterale fra veicoli in marcia;Intersezione stradale segnalata;Una carreggiata a doppio senso;Asciutto;Asfaltata;Verticale;Sereno;Intenso;Buona;Ore Diurne;0;0;0;4;;;-1;1;Autovettura privata;In marcia / fermata / arresto;Passeggero;M;Illeso;0;;Non accertato;Inesistente
1688253;16;10/07/2006 09:50;Strada Urbana;VIA DELLA PISANA;all'intersezione con;VIA DI BRAVETTA;VIA DI BRAVETTA;;;Scontro laterale fra veicoli in marcia;Intersezione stradale segnalata;Una carreggiata a doppio senso;Asciutto;Asfaltata;Verticale;Sereno;Intenso;Buona;Ore Diurne;0;0;0;4;;;-1;2;Autovettura privata;In marcia / fermata / arresto;Conducente;F;Illeso;0;;Non accertato;Inesistente
1688253;16;10/07/2006 09:50;Strada Urbana;VIA DELLA PISANA;all'intersezione con;VIA DI BRAVETTA;VIA DI BRAVETTA;;;Scontro laterale fra veicoli in marcia;Intersezione stradale segnalata;Una carreggiata a doppio senso;Asciutto;Asfaltata;Verticale;Sereno;Intenso;Buona;Ore Diurne;0;0;0;4;;;-1;2;Autovettura privata;In marcia / fermata / arresto;Passeggero;M;Illeso;0;;Non accertato;Inesistente
1688260;19;08/07/2006 11:20;Strada Urbana;VIA DELL'ACQUEDOTTO DEL PESCHIERA;in prossimità;;del civico n. ;108;;Tamponamento;Rettilineo;Più di due carreggiate;Asciutto;Asfaltata;Orizzontale;Sereno;Normale;Buona;Ore Diurne;0;0;0;5;;;-1;1;Autovettura privata;In marcia / fermata / arresto;Conducente;M;Illeso;0;;Utilizzato;Inesistente
1688260;19;08/07/2006 11:20;Strada Urbana;VIA DELL'ACQUEDOTTO DEL PESCHIERA;in prossimità;;del civico n. ;108;;Tamponamento;Rettilineo;Più di due carreggiate;Asciutto;Asfaltata;Orizzontale;Sereno;Normale;Buona;Ore Diurne;0;0;0;5;;;-1;1;Autovettura privata;In marcia / fermata / arresto;Passeggero;F;Illeso;0;;Utilizzato;Inesistente
1688260;19;08/07/2006 11:20;Strada Urbana;VIA DELL'ACQUEDOTTO DEL PESCHIERA;in prossimità;;del civico n. ;108;;Tamponamento;Rettilineo;Più di due carreggiate;Asciutto;Asfaltata;Orizzontale;Sereno;Normale;Buona;Ore Diurne;0;0;0;5;;;-1;1;Autovettura privata;In marcia / fermata / arresto;Passeggero;M;Illeso;0;;Utilizzato;Inesistente
1688260;19;08/07/2006 11:20;Strada Urbana;VIA DELL'ACQUEDOTTO DEL PESCHIERA;in prossimità;;del civico n. ;108;;Tamponamento;Rettilineo;Più di due carreggiate;Asciutto;Asfaltata;Orizzontale;Sereno;Normale;Buona;Ore Diurne;0;0;0;5;;;-1;2;Autocarro superiore 35 q.;In marcia / fermata / arresto;Conducente;M;Illeso;0;;Utilizzato;Inesistente
1688260;19;08/07/2006 11:20;Strada Urbana;VIA DELL'ACQUEDOTTO DEL PESCHIERA;in prossimità;;del civico n. ;108;;Tamponamento;Rettilineo;Più di due carreggiate;Asciutto;Asfaltata;Orizzontale;Sereno;Normale;Buona;Ore Diurne;0;0;0;5;;;-1;2;Autocarro superiore 35 q.;In marcia / fermata / arresto;Passeggero;M;Illeso;0;;Utilizzato;Inesistente
1688261;19;08/07/2006 18:50;Strada Urbana;VIA DELLA STORTA;in prossimità;;del civico n. ;231;;Infortunio per caduta del veicolo;Rettilineo;Una carreggiata a doppio senso;Asciutto;Asfaltata;Assente;Sereno;Normale;Buona;Ore Diurne;1;0;0;0;;;-1;1;Motociclo a solo;In marcia / fermata / arresto;Conducente;M;Rimandato;0;NON DECEDUTO;Utilizzato;Inesistente
1688262;19;08/07/2006 19:15;Strada Urbana;VIA DI CASAL DEL MARMO;all'intersezione con;VIA ANTONIO BERTOLOTTI;VIA ANTONIO BERTOLOTTI;;;Scontro frontale/laterale SX fra veicoli in marcia;Incrocio;Una carreggiata a doppio senso;Asciutto;Asfaltata;Verticale ed orizzontale;Sereno;Normale;Buona;Ore Diurne;0;0;0;2;;;-1;1;Autovettura privata;In marcia / fermata / arresto;Conducente;F;Illeso;0;;Utilizzato;Inesistente
1688262;19;08/07/2006 19:15;Strada Urbana;VIA DI CASAL DEL MARMO;all'intersezione con;VIA ANTONIO BERTOLOTTI;VIA ANTONIO BERTOLOTTI;;;Scontro frontale/laterale SX fra veicoli in marcia;Incrocio;Una carreggiata a doppio senso;Asciutto;Asfaltata;Verticale ed orizzontale;Sereno;Normale;Buona;Ore Diurne;0;0;0;2;;;-1;1;Autovettura privata;In marcia / fermata / arresto;Passeggero;F;Illeso;0;;Utilizzato;Inesistente