Protocollo;Gruppo;DataOraIncidente;Localizzazione1;STRADA1;Localizzazione2;STRADA2;Strada02;Chilometrica;DaSpecificare;NaturaIncidente;particolaritastrade;TipoStrada;FondoStradale;Pavimentazione;Segnaletica;CondizioneAtmosferica;Traffico;Visibilita;Illuminazione;NUM_FERITI;NUM_RISERVATA;NUM_MORTI;NUM_ILLESI;Longitudine;Latitudine;Confermato;Progressivo;TipoVeicolo;StatoVeicolo;TipoPersona;Sesso;Tipolesione;Deceduto;DecedutoDopo;CinturaCascoUtilizzato;Airbag
1688316;3;10/07/2006 02:45;Strada Urbana;VIA DEI SABELLI;all'intersezione con;VIA DEI LATINI;VIA DEI LATINI;;;Scontro frontale/laterale DX fra veicoli in marcia;Incrocio;Una carreggiata a senso unico di marcia;Asciutto;Asfaltata;Verticale ed orizzontale;Sereno;Normale;Sufficiente;Sufficiente;0;0;0;7;;;-1;2;Autovettura privata;In marcia / fermata / arresto;Conducente;M;Illeso;0;;Non accertato;Inesistente
1688316;3;10/07/2006 02:45;Strada Urbana;VIA DEI SABELLI;all'intersezione con;VIA DEI LATINI;VIA DEI LATINI;;;Scontro frontale/laterale DX fra veicoli in marcia;Incrocio;Una carreggiata a senso unico di marcia;Asciutto;Asfaltata;Verticale ed orizzontale;Sereno;Normale;Sufficiente;Sufficiente;0;0;0;7;;;-1;2;Autovettura privata;In marcia / fermata / arresto;Passeggero;F;Illeso;0;;Non accertato;Inesistente
1688317;4;03/07/2006 12:10;Strada Urbana;VIA DELLA BUFALOTTA;da specificare;;;;altezza via F. Tozzi;Tamponamento;Rettilineo;Una carreggiata a doppio senso;Asciutto;Asfaltata;Orizzontale;Sereno;Normale;Buona;Ore Diurne;3;0;0;0;;;-1;1;Autovettura privata;In marcia / fermata / arresto;Conducente;M;Rifiuta cure immediate;0;NON DECEDUTO;Utilizzato;Inesistente
1688317;4;03/07/2006 12:10;Strada Urbana;VIA DELLA BUFALOTTA;da specificare;;;;altezza via F. Tozzi;Tamponamento;Rettilineo;Una carreggiata a doppio senso;Asciutto;Asfaltata;Orizzontale;Sereno;Normale;Buona;Ore Diurne;3;0;0;0;;;-1;1;Autovettura privata;In marcia / fermata / arresto;Passeggero;M;Rifiuta cure immediate;0;NON DECEDUTO;Non accertato;Inesistente
1688317;4;03/07/2006 12:10;Strada Urbana;VIA DELLA BUFALOTTA;da specificare;;;;altezza via F. Tozzi;Tamponamento;Rettilineo;Una carreggiata a doppio senso;Asciutto;Asfaltata;Orizzontale;Sereno;Normale;Buona;Ore Diurne;3;0;0;0;;;-1;2;Autovettura privata;In marcia / fermata / arresto;Conducente;M;Rimandato;0;NON DECEDUTO;Non accertato;Inesistente
1688318;4;03/07/2006 14:30;Provinciale;VIA NOMENTANA;all'intersezione con;VIA DANTE DA MAIANO;VIA DANTE DA MAIANO;;;Scontro frontale/laterale SX fra veicoli in marcia;Intersezione semaforizzata;Una carreggiata a doppio senso;Asciutto;Asfaltata;Verticale ed orizzontale;Sereno;Normale;Buona;Ore Diurne;2;0;0;2;;;-1;1;Autovettura privata;In marcia / fermata / arresto;Conducente;M;Illeso;0;;Non accertato;Inesistente
1688318;4;03/07/2006 14:30;Provinciale;VIA NOMENTANA;all'intersezione con;VIA DANTE DA MAIANO;VIA DANTE DA MAIANO;;;Scontro frontale/laterale SX fra veicoli in marcia;Intersezione semaforizzata;Una carreggiata a doppio senso;Asciutto;Asfaltata;Verticale ed orizzontale;Sereno;Normale;Buona;Ore Diurne;2;0;0;2;;;-1;1;Autovettura privata;In marcia / fermata / arresto;Passeggero;F;Illeso;0;;Non accertato;Inesistente
1688318;4;03/07/2006 14:30;Provinciale;VIA NOMENTANA;all'intersezione con;VIA DANTE DA MAIANO;VIA DANTE DA MAIANO;;;Scontro frontale/laterale SX fra veicoli in marcia;Intersezione semaforizzata;Una carreggiata a doppio senso;Asciutto;Asfaltata;Verticale ed orizzontale;Sereno;Normale;Buona;Ore Diurne;2;0;0;2;;;-1;2;Motociclo con passeggero;In marcia / fermata / arresto;Conducente;M;Rimandato;0;NON DECEDUTO;Non accertato;Inesistente
1688318;4;03/07/2006 14:30;Provinciale;VIA NOMENTANA;all'intersezione con;VIA DANTE DA MAIANO;VIA DANTE DA MAIANO;;;Scontro frontale/laterale SX fra veicoli in marcia;Intersezione semaforizzata;Una carreggiata a doppio senso;Asciutto;Asfaltata;Verticale ed orizzontale;Sereno;Normale;Buona;Ore Diurne;2;0;0;2;;;-1;2;Motociclo con passeggero;In marcia / fermata / arresto;Passeggero;M;Rimandato;0;NON DECEDUTO;Non accertato;Inesistente
1688319;4;03/07/2006 13:50;Strada Urbana;VIA FLAVIO ANDO';da specificare;;;;all'interno della sede del IV Gruppo P.M.;Veicolo in marcia contro ostacolo accidentale;Rettilineo;Una carreggiata a senso unico di marcia;Asciutto;Asfaltata;Assente;Sereno;Normale;Buona;Ore Diurne;1;0;0;0;;;-1;1;Motociclo a solo;In marcia / fermata / arresto;Conducente;M;Rimandato;0;NON DECEDUTO;Non accertato;Inesistente
1688320;6;10/07/2006 07:30;Strada Urbana;VIA L'AQUILA;in corrispondenza;;del civico n. ;44;;Tamponamento;Rettilineo;Una carreggiata a senso unico di marcia;Asciutto;Asfaltata;Assente;Sereno;Normale;Buona;Ore Diurne;0;0;0;2;;;-1;1;Autocarro superiore 35 q.;In marcia / fermata / arresto;Conducente;M;Illeso;0;;Utilizzato;Inesistente
1688320;6;10/07/2006 07:30;Strada Urbana;VIA L'AQUILA;in corrispondenza;;del civico n. ;44;;Tamponamento;Rettilineo;Una carreggiata a senso unico di marcia;Asciutto;Asfaltata;Assente;Sereno;Normale;Buona;Ore Diurne;0;0;0;2;;;-1;2;Autovettura privata;In marcia / fermata / arresto;Conducente;M;Illeso;0;;Utilizzato;Inesistente
1688321;6;10/07/2006 10:20;Strada Urbana;VIA GUGLIELMO DEGLI UBERTINI;all'intersezione con;VIA FABRIZIO GUICCIARDI;VIA FABRIZIO GUICCIARDI;;;Investimento di pedone;Incrocio;Due carreggiate;Asciutto;Asfaltata;Assente;Sereno;Normale;Buona;Ore Diurne;2;0;0;1;;;-1;;;;Pedone;F;Rimandato;0;NON DECEDUTO;;
1688321;6;10/07/2006 10:20;Strada Urbana;VIA GUGLIELMO DEGLI UBERTINI;all'intersezione con;VIA FABRIZIO GUICCIARDI;VIA FABRIZIO GUICCIARDI;;;Investimento di pedone;Incrocio;Due carreggiate;Asciutto;Asfaltata;Assente;Sereno;Normale;Buona;Ore Diurne;2;0;0;1;;;-1;;;;Pedone;F;Rimandato;0;NON DECEDUTO;;
1688321;6;10/07/2006 10:20;Strada Urbana;VIA GUGLIELMO DEGLI UBERTINI;all'intersezione con;VIA FABRIZIO GUICCIARDI;VIA FABRIZIO GUICCIARDI;;;Investimento di pedone;Incrocio;Due carreggiate;Asciutto;Asfaltata;Assente;Sereno;Normale;Buona;Ore Diurne;2;0;0;1;;;-1;1;Autovettura privata;In marcia / fermata / arresto;Conducente;F;Illeso;0;;Utilizzato;Inesploso
1688322;6;10/07/2006 20:30;Strada Urbana;VIA DEGLI ANGELI;in corrispondenza;;del civico n. ;140;;Scontro frontale/laterale SX fra veicoli in marcia;Curva a visuale libera;Una carreggiata a doppio senso;Asciutto;Asfaltata;Assente;Sereno;Scarso;Sufficiente;Sufficiente;3;0;0;1;;;-1;1;Autovettura privata;In marcia / fermata / arresto;Conducente;M;Illeso;0;;Utilizzato;Inesploso
1688322;6;10/07/2006 20:30;Strada Urbana;VIA DEGLI ANGELI;in corrispondenza;;del civico n. ;140;;Scontro frontale/laterale SX fra veicoli in marcia;Curva a visuale libera;Una carreggiata a doppio senso;Asciutto;Asfaltata;Assente;Sereno;Scarso;Sufficiente;Sufficiente;3;0;0;1;;;-1;1;Autovettura privata;In marcia / fermata / arresto;Passeggero;F;Rimandato;0;NON DECEDUTO;Non accertato;Inesistente
1688322;6;10/07/2006 20:30;Strada Urbana;VIA DEGLI ANGELI;in corrispondenza;;del civico n. ;140;;Scontro frontale/laterale SX fra veicoli in marcia;Curva a visuale libera;Una carreggiata a doppio senso;Asciutto;Asfaltata;Assente;Sereno;Scarso;Sufficiente;Sufficiente;3;0;0;1;;;-1;1;Autovettura privata;In marcia / fermata / arresto;Passeggero;F;Rimandato;0;NON DECEDUTO;Non accertato;Inesistente
1688322;6;10/07/2006 20:30;Strada Urbana;VIA DEGLI ANGELI;in corrispondenza;;del civico n. ;140;;Scontro frontale/laterale SX fra veicoli in marcia;Curva a visuale libera;Una carreggiata a doppio senso;Asciutto;Asfaltata;Assente;Sereno;Scarso;Sufficiente;Sufficiente;3;0;0;1;;;-1;2;Autovettura privata;In marcia / fermata / arresto;Conducente;M;Rimandato;0;NON DECEDUTO;Non accertato;Inesistente
1688323;6;11/07/2006 07:55;Strada Urbana;VIA DI TOR PIGNATTARA;da specificare;;;;alt. v. A. ALESSANDRINO;Investimento di pedone;Rettilineo;Una carreggiata a doppio senso;Asciutto;Asfaltata;Assente;Sereno;Normale;Buona;Ore Diurne;1;0;0;1;;;-1;;;;Pedone;M;Rimandato;0;NON DECEDUTO;;
1688323;6;11/07/2006 07:55;Strada Urbana;VIA DI TOR PIGNATTARA;da specificare;;;;alt. v. A. ALESSANDRINO;Investimento di pedone;Rettilineo;Una carreggiata a doppio senso;Asciutto;Asfaltata;Assente;Sereno;Normale;Buona;Ore Diurne;1;0;0;1;;;-1;1;Autovettura privata;In marcia / fermata / arresto;Conducente;M;Illeso;0;;Non accertato;Inesistente
1688324;7;07/07/2006 19:25;Strada Urbana;VIALE PALMIRO TOGLIATTI;all'intersezione con;VIA DELLE ROBINIE;VIA DELLE ROBINIE;;;Scontro laterale fra veicoli in marcia;Incrocio;Una carreggiata a senso unico di marcia;Asciutto;Asfaltata;Orizzontale;Sereno;Intenso;Buona;Ore Diurne;1;0;0;1;;;-1;1;Autovettura privata;In marcia / fermata / arresto;Conducente;M;Illeso;0;;Non accertato;Inesistente
1688324;7;07/07/2006 19:25;Strada Urbana;VIALE PALMIRO TOGLIATTI;all'intersezione con;VIA DELLE ROBINIE;VIA DELLE ROBINIE;;;Scontro laterale fra veicoli in marcia;Incrocio;Una carreggiata a senso unico di marcia;Asciutto;Asfaltata;Orizzontale;Sereno;Intenso;Buona;Ore Diurne;1;0;0;1;;;-1;2;Motociclo a solo;In marcia / fermata / arresto;Conducente;M;Rimandato;0;NON DECEDUTO;Non accertato;Inesistente
1688325;7;07/07/2006 22:00;Strada Urbana;VIALE PALMIRO TOGLIATTI;in corrispondenza;;del civico n. ;910;;Veicolo in marcia contro veicolo in sosta;Rettilineo;Due carreggiate;Asciutto;Asfaltata;Orizzontale;Sereno;Scarso;Buona;Sufficiente;2;0;0;0;;;-1;1;Autovettura privata;Sosta;Conducente;M;Rimandato;0;NON DECEDUTO;Non accertato;Inesploso
1688325;7;07/07/2006 22:00;Strada Urbana;VIALE PALMIRO TOGLIATTI;in corrispondenza;;del civico n. ;910;;Veicolo in marcia contro veicolo in sosta;Rettilineo;Due carreggiate;Asciutto;Asfaltata;Orizzontale;Sereno;Scarso;Buona;Sufficiente;2;0;0;0;;;-1;1;Autovettura privata;Sosta;Passeggero;F;Rimandato;0;NON DECEDUTO;Non accertato;Inesistente
1688326;7;08/07/2006 13:10;Strada Urbana;VIA TOR DE' SCHIAVI;in corrispondenza;;del civico n. ;109;;Scontro frontale/laterale SX fra veicoli in marcia;Rettilineo;Una carreggiata a doppio senso;Asciutto;Asfaltata;Orizzontale;Sereno;Scarso;Buona;Ore Diurne;1;0;0;1;;;-1;1;Motociclo a solo;In marcia / fermata / arresto;Conducente;F;Rimandato;0;NON DECEDUTO;Non accertato;Inesistente
1688326;7;08/07/2006 13:10;Strada Urbana;VIA TOR DE' SCHIAVI;in corrispondenza;;del civico n. ;109;;Scontro frontale/laterale SX fra veicoli in marcia;Rettilineo;Una carreggiata a doppio senso;Asciutto;Asfaltata;Orizzontale;Sereno;Scarso;Buona;Ore Diurne;1;0;0;1;;;-1;2;Autovettura privata;In marcia / fermata / arresto;Conducente;M;Illeso;0;;Non accertato;Inesploso
1688327;7;09/07/2006 01:50;Strada Urbana;VIA CAIO CANULEIO;all'intersezione con;VIALE TITO LABIENO;VIALE TITO LABIENO;;;Scontro frontale/laterale DX fra veicoli in marcia;Incrocio;Una carreggiata a doppio senso;Asciutto;Asfaltata;Verticale ed orizzontale;Sereno;Scarso;Buona;Sufficiente;2;0;0;3;;;-1;1;Autovettura privata;In marcia / fermata / arresto;Conducente;M;Illeso;0;;Non accertato;Inesistente
1688327;7;09/07/2006 01:50;Strada Urbana;VIA CAIO CANULEIO;all'intersezione con;VIALE TITO LABIENO;VIALE TITO LABIENO;;;Scontro frontale/laterale DX fra veicoli in marcia;Incrocio;Una carreggiata a doppio senso;Asciutto;Asfaltata;Verticale ed orizzontale;Sereno;Scarso;Buona;Sufficiente;2;0;0;3;;;-1;1;Autovettura privata;In marcia / fermata / arresto;Passeggero;F;Illeso;0;;Non accertato;Inesistente
1688327;7;09/07/2006 01:50;Strada Urbana;VIA CAIO CANULEIO;all'intersezione con;VIALE TITO LABIENO;VIALE TITO LABIENO;;;Scontro frontale/laterale DX fra veicoli in marcia;Incrocio;Una carreggiata a doppio senso;Asciutto;Asfaltata;Verticale ed orizzontale;Sereno;Scarso;Buona;Sufficiente;2;0;0;3;;;-1;2;Autovettura privata;In marcia / fermata / arresto;Conducente;F;Rimandato;0;NON DECEDUTO;Non accertato;Inesistente
1688327;7;09/07/2006 01:50;Strada Urbana;VIA CAIO CANULEIO;all'intersezione con;VIALE TITO LABIENO;VIALE TITO LABIENO;;;Scontro frontale/laterale DX fra veicoli in marcia;Incrocio;Una carreggiata a doppio senso;Asciutto;Asfaltata;Verticale ed orizzontale;Sereno;Scarso;Buona;Sufficiente;2;0;0;3;;;-1;2;Autovettura privata;In marcia / fermata / arresto;Passeggero;M;Illeso;0;;Non accertato;Inesistente
1688327;7;09/07/2006 01:50;Strada Urbana;VIA CAIO CANULEIO;all'intersezione con;VIALE TITO LABIENO;VIALE TITO LABIENO;;;Scontro frontale/laterale DX fra veicoli in marcia;Incrocio;Una carreggiata a doppio senso;Asciutto;Asfaltata;Verticale ed orizzontale;Sereno;Scarso;Buona;Sufficiente;2;0;0;3;;;-1;2;Autovettura privata;In marcia / fermata / arresto;Passeggero;M;Rimandato;0;NON DECEDUTO;Non accertato;Inesistente
1688328;7;09/07/2006 09:00;Strada Urbana;VIA PRENESTINA;all'intersezione semaforizzata con;VIA GIUSEPPE CANDIANI;VIA GIUSEPPE CANDIANI;;;Scontro frontale/laterale DX fra veicoli in marcia;Intersezione semaforizzata;Una carreggiata a doppio senso;Asciutto;Asfaltata;Verticale ed orizzontale;Sereno;Scarso;Buona;Ore Diurne;0;0;0;2;;;-1;1;Autovettura privata;In marcia / fermata / arresto;Conducente;F;Illeso;0;;Non accertato;Inesistente
1688328;7;09/07/2006 09:00;Strada Urbana;VIA PRENESTINA;all'intersezione semaforizzata con;VIA GIUSEPPE CANDIANI;VIA GIUSEPPE CANDIANI;;;Scontro frontale/laterale DX fra veicoli in marcia;Intersezione semaforizzata;Una carreggiata a doppio senso;Asciutto;Asfaltata;Verticale ed orizzontale;Sereno;Scarso;Buona;Ore Diurne;0;0;0;2;;;-1;2;Autovettura privata;In marcia / fermata / arresto;Conducente;F;Illeso;0;;Non accertato;Inesistente
1688329;7;11/07/2006 10:20;Strada Urbana;VIA DEL GRANO;all'intersezione semaforizzata con;VIA CASILINA;VIA CASILINA;;;Scontro laterale fra veicoli in marcia;Intersezione semaforizzata;Una carreggiata a doppio senso;Asciutto;Asfaltata;Verticale ed orizzontale;Sereno;Scarso;Buona;Ore Diurne;0;0;0;1;;;-1;1;Autovettura privata;In marcia / fermata / arresto;Conducente;M;Illeso;0;;Non accertato;Inesistente
1688330;7;09/07/2006 12:10;Strada Urbana;VIA DI TOR TRE TESTE;in corrispondenza;;del civico n. ;63;;Scontro frontale fra veicoli in marcia;Rettilineo;Una carreggiata a doppio senso;Asciutto;Asfaltata;Orizzontale;Sereno;Scarso;Buona;Ore Diurne;1;0;0;1;;;-1;1;Autovettura privata;In marcia / fermata / arresto;Conducente;M;Rimandato;0;NON DECEDUTO;Non accertato;Inesploso
1688330;7;09/07/2006 12:10;Strada Urbana;VIA DI TOR TRE TESTE;in corrispondenza;;del civico n. ;63;;Scontro frontale fra veicoli in marcia;Rettilineo;Una carreggiata a doppio senso;Asciutto;Asfaltata;Orizzontale;Sereno;Scarso;Buona;Ore Diurne;1;0;0;1;;;-1;2;Ciclomotore;In marcia / fermata / arresto;Conducente;M;Illeso;0;;Non utilizzato;Inesploso
1688331;7;09/07/2006 23:15;Strada Urbana;VIA DELLA RUSTICA;all'intersezione con;LARGO AUGUSTO CORELLI;LARGO AUGUSTO CORELLI;;;Scontro laterale fra veicoli in marcia;Incrocio;Una carreggiata a doppio senso;Asciutto;Asfaltata;Verticale ed orizzontale;Sereno;Normale;Buona;Sufficiente;0;0;0;3;;;-1;1;Autovettura privata;In marcia / fermata / arresto;Conducente;F;Illeso;0;;Utilizzato;Inesistente
1688331;7;09/07/2006 23:15;Strada Urbana;VIA DELLA RUSTICA;all'intersezione con;LARGO AUGUSTO CORELLI;LARGO AUGUSTO CORELLI;;;Scontro laterale fra veicoli in marcia;Incrocio;Una carreggiata a doppio senso;Asciutto;Asfaltata;Verticale ed orizzontale;Sereno;Normale;Buona;Sufficiente;0;0;0;3;;;-1;1;Autovettura privata;In marcia / fermata / arresto;Passeggero;M;Illeso;0;;Non accertato;Inesistente
1688331;7;09/07/2006 23:15;Strada Urbana;VIA DELLA RUSTICA;all'intersezione con;LARGO AUGUSTO CORELLI;LARGO AUGUSTO CORELLI;;;Scontro laterale fra veicoli in marcia;Incrocio;Una carreggiata a doppio senso;Asciutto;Asfaltata;Verticale ed orizzontale;Sereno;Normale;Buona;Sufficiente;0;0;0;3;;;-1;2;Trattore stradale;In marcia / fermata / arresto;Conducente;M;Illeso;0;;Esente;Inesistente
1688332;7;10/07/2006 00:40;Strada Urbana;VIA TIBURTINA;all'intersezione con;VIA DI TOR CERVARA;VIA DI TOR CERVARA;;;Infortunio per caduta del veicolo;Intersezione stradale segnalata;Una carreggiata a doppio senso;Asciutto;Asfaltata;Verticale ed orizzontale;Sereno;Intenso;Sufficiente;Sufficiente;1;0;0;1;;;-1;1;Motociclo a solo;In marcia / fermata / arresto;Conducente;M;Ricoverato;0;NON DECEDUTO;Non accertato;Inesistente
1688332;7;10/07/2006 00:40;Strada Urbana;VIA TIBURTINA;all'intersezione con;VIA DI TOR CERVARA;VIA DI TOR CERVARA;;;Infortunio per caduta del veicolo;Intersezione stradale segnalata;Una carreggiata a doppio senso;Asciutto;Asfaltata;Verticale ed orizzontale;Sereno;Intenso;Sufficiente;Sufficiente;1;0;0;1;;;-1;2;Autocarro inferiore 35 q.;In marcia / fermata / arresto;Conducente;M;Illeso;0;;Utilizzato;Inesistente
1688333;7;10/07/2006 12:00;Strada Urbana;VIA AMBROGIO BINDA;in corrispondenza;;del civico n. ;16;;Veicolo in marcia contro veicolo in sosta;Rettilineo;Una carreggiata a doppio senso;Asciutto;Asfaltata;Assente;Sereno;Scarso;Buona;Ore Diurne;0;0;0;1;;;-1;1;Autocarro superiore 35 q.;In marcia / fermata / arresto;Conducente;M;Illeso;0;;Non accertato;Inesistente
1688334;7;10/07/2006 12:15;Strada Urbana;VIA PRENESTINA;da specificare;;;;fronte civ. n. 710;Tamponamento Multiplo;Rettilineo;Una carreggiata a doppio senso;Asciutto;Asfaltata;Orizzontale;Sereno;Normale;Buona;Ore Diurne;4;0;0;0;;;-1;1;Autovettura privata;In marcia / fermata / arresto;Conducente;F;Rimandato;0;NON DECEDUTO;Non accertato;Inesistente
1688334;7;10/07/2006 12:15;Strada Urbana;VIA PRENESTINA;da specificare;;;;fronte civ. n. 710;Tamponamento Multiplo;Rettilineo;Una carreggiata a doppio senso;Asciutto;Asfaltata;Orizzontale;Sereno;Normale;Buona;Ore Diurne;4;0;0;0;;;-1;2;Autovettura privata;In marcia / fermata / arresto;Conducente;F;Rimandato;0;NON DECEDUTO;Non accertato;Inesistente
1688334;7;10/07/2006 12:15;Strada Urbana;VIA PRENESTINA;da specificare;;;;fronte civ. n. 710;Tamponamento Multiplo;Rettilineo;Una carreggiata a doppio senso;Asciutto;Asfaltata;Orizzontale;Sereno;Normale;Buona;Ore Diurne;4;0;0;0;;;-1;2;Autovettura privata;In marcia / fermata / arresto;Passeggero;F;Rimandato;0;NON DECEDUTO;Non accertato;Inesistente
1688334;7;10/07/2006 12:15;Strada Urbana;VIA PRENESTINA;da specificare;;;;fronte civ. n. 710;Tamponamento Multiplo;Rettilineo;Una carreggiata a doppio senso;Asciutto;Asfaltata;Orizzontale;Sereno;Normale;Buona;Ore Diurne;4;0;0;0;;;-1;3;Autovettura privata;In marcia / fermata / arresto;Conducente;M;Rimandato;0;NON DECEDUTO;Non accertato;Inesistente
1688335;8;10/07/2006 16:10;Strada Urbana;VIA AMICO ASPERTINI;in corrispondenza;;del civico n. ;249;;Investimento di pedone;Rettilineo;Una carreggiata a doppio senso;Asciutto;Asfaltata;Orizzontale;Sereno;Normale;Buona;Ore Diurne;1;0;0;1;;;-1;;;;Pedone;M;Rimandato;0;NON DECEDUTO;;
1688335;8;10/07/2006 16:10;Strada Urbana;VIA AMICO ASPERTINI;in corrispondenza;;del civico n. ;249;;Investimento di pedone;Rettilineo;Una carreggiata a doppio senso;Asciutto;Asfaltata;Orizzontale;Sereno;Normale;Buona;Ore Diurne;1;0;0;1;;;-1;1;Autovettura privata;In marcia / fermata / arresto;Conducente;M;Illeso;0;;Non accertato;Inesploso
1688336;9;10/07/2006 01:30;Strada Urbana;VIA PASQUALE TOLA;all'intersezione con;VIA PAOLO PARUTA;VIA PAOLO PARUTA;;;Scontro frontale/laterale DX fra veicoli in marcia;Incrocio;Una carreggiata a doppio senso;Asciutto;Asfaltata;Orizzontale;Sereno;Scarso;Buona;Sufficiente;0;0;0;3;;;-1;1;Autovettura privata;In marcia / fermata / arresto;Conducente;F;Illeso;0;;Non accertato;Inesploso
1688336;9;10/07/2006 01:30;Strada Urbana;VIA PASQUALE TOLA;all'intersezione con;VIA PAOLO PARUTA;VIA PAOLO PARUTA;;;Scontro frontale/laterale DX fra veicoli in marcia;Incrocio;Una carreggiata a doppio senso;Asciutto;Asfaltata;Orizzontale;Sereno;Scarso;Buona;Sufficiente;0;0;0;3;;;-1;2;Autovettura privata;In marcia / fermata / arresto;Conducente;F;Illeso;0;;Non accertato;Inesploso
1688336;9;10/07/2006 01:30;Strada Urbana;VIA PASQUALE TOLA;all'intersezione con;VIA PAOLO PARUTA;VIA PAOLO PARUTA;;;Scontro frontale/laterale DX fra veicoli in marcia;Incrocio;Una carreggiata a doppio senso;Asciutto;Asfaltata;Orizzontale;Sereno;Scarso;Buona;Sufficiente;0;0;0;3;;;-1;2;Autovettura privata;In marcia / fermata / arresto;Passeggero;M;Illeso;0;;Non accertato;Inesploso
1688337;9;10/07/2006 07:45;Strada Urbana;VIA TUSCOLANA;all'intersezione semaforizzata con;VIA ASSISI;VIA ASSISI;;;Scontro laterale fra veicoli in marcia;Incrocio;Una carreggiata a doppio senso;Asciutto;Asfaltata;Verticale ed orizzontale;Sereno;Normale;Buona;Ore Diurne;0;0;0;2;;;-1;1;Autovettura privata;In marcia / fermata / arresto;Conducente;F;Illeso;0;;Non accertato;Inesistente
1688337;9;10/07/2006 07:45;Strada Urbana;VIA TUSCOLANA;all'intersezione semaforizzata con;VIA ASSISI;VIA ASSISI;;;Scontro laterale fra veicoli in marcia;Incrocio;Una carreggiata a doppio senso;Asciutto;Asfaltata;Verticale ed orizzontale;Sereno;Normale;Buona;Ore Diurne;0;0;0;2;;;-1;2;Autocarro inferiore 35 q.;In marcia / fermata / arresto;Conducente;M;Illeso;0;;Non accertato;Inesistente
1688338;9;10/07/2006 09:00;Strada Urbana;VIA FRASCATI;da specificare;;;;PROSSIMITA' VIA ANZIO;Tamponamento Multiplo;Curva a visuale libera;Una carreggiata a senso unico di marcia;Asciutto;Asfaltata;Verticale ed orizzontale;Sereno;Normale;Buona;Ore Diurne;0;0;0;3;;;-1;1;Autocarro inferiore 35 q.;In marcia / fermata / arresto;Conducente;M;Illeso;0;;Non accertato;Inesistente
1688338;9;10/07/2006 09:00;Strada Urbana;VIA FRASCATI;da specificare;;;;PROSSIMITA' VIA ANZIO;Tamponamento Multiplo;Curva a visuale libera;Una carreggiata a senso unico di marcia;Asciutto;Asfaltata;Verticale ed orizzontale;Sereno;Normale;Buona;Ore Diurne;0;0;0;3;;;-1;2;Autovettura privata;In marcia / fermata / arresto;Conducente;M;Illeso;0;;Non accertato;Inesistente
1688338;9;10/07/2006 09:00;Strada Urbana;VIA FRASCATI;da specificare;;;;PROSSIMITA' VIA ANZIO;Tamponamento Multiplo;Curva a visuale libera;Una carreggiata a senso unico di marcia;Asciutto;Asfaltata;Verticale ed orizzontale;Sereno;Normale;Buona;Ore Diurne;0;0;0;3;;;-1;3;Autocarro inferiore 35 q.;In marcia / fermata / arresto;Conducente;M;Illeso;0;;Non accertato;Inesistente
1688339;9;10/07/2006 20:15;Strada Urbana;VIA TUSCOLANA;in corrispondenza;;del civico n. ;708;;Tamponamento;Curva a visuale libera;Una carreggiata a senso unico di marcia;Asciutto;Asfaltata;Orizzontale;Sereno;Intenso;Buona;Ore Diurne;2;0;0;1;;;-1;1;Autovettura privata;In marcia / fermata / arresto;Conducente;F;Rimandato;0;NON DECEDUTO;Non accertato;Inesploso
1688339;9;10/07/2006 20:15;Strada Urbana;VIA TUSCOLANA;in corrispondenza;;del civico n. ;708;;Tamponamento;Curva a visuale libera;Una carreggiata a senso unico di marcia;Asciutto;Asfaltata;Orizzontale;Sereno;Intenso;Buona;Ore Diurne;2;0;0;1;;;-1;1;Autovettura privata;In marcia / fermata / arresto;Passeggero;M;Illeso;0;;Non accertato;Inesploso
1688339;9;10/07/2006 20:15;Strada Urbana;VIA TUSCOLANA;in corrispondenza;;del civico n. ;708;;Tamponamento;Curva a visuale libera;Una carreggiata a senso unico di marcia;Asciutto;Asfaltata;Orizzontale;Sereno;Intenso;Buona;Ore Diurne;2;0;0;1;;;-1;2;Autovettura privata;In marcia / fermata / arresto;Conducente;F;Rimandato;0;NON DECEDUTO;Non accertato;Inesploso
1688340;10;10/07/2006 11:55;Strada Urbana;VIALE DEI SALESIANI;all'intersezione semaforizzata con;VIA PUBLIO VALERIO;VIA PUBLIO VALERIO;;;Veicolo in marcia contro veicolo in sosta;Intersezione semaforizzata;Due carreggiate;Asciutto;Asfaltata;Verticale ed orizzontale;Sereno;Normale;Buona;Ore Diurne;0;0;0;5;;;-1;1;Autovettura privata;In marcia / fermata / arresto;Conducente;M;Illeso;0;;Non accertato;Inesistente
1688340;10;10/07/2006 11:55;Strada Urbana;VIALE DEI SALESIANI;all'intersezione semaforizzata con;VIA PUBLIO VALERIO;VIA PUBLIO VALERIO;;;Veicolo in marcia contro veicolo in sosta;Intersezione semaforizzata;Due carreggiate;Asciutto;Asfaltata;Verticale ed orizzontale;Sereno;Normale;Buona;Ore Diurne;0;0;0;5;;;-1;1;Autovettura privata;In marcia / fermata / arresto;Passeggero;F;Illeso;0;;Non accertato;Inesistente
1688340;10;10/07/2006 11:55;Strada Urbana;VIALE DEI SALESIANI;all'intersezione semaforizzata con;VIA PUBLIO VALERIO;VIA PUBLIO VALERIO;;;Veicolo in marcia contro veicolo in sosta;Intersezione semaforizzata;Due carreggiate;Asciutto;Asfaltata;Verticale ed orizzontale;Sereno;Normale;Buona;Ore Diurne;0;0;0;5;;;-1;1;Autovettura privata;In marcia / fermata / arresto;Passeggero;M;Illeso;0;;Non accertato;Inesistente