Protocollo;Gruppo;DataOraIncidente;Localizzazione1;STRADA1;Localizzazione2;STRADA2;Strada02;Chilometrica;DaSpecificare;NaturaIncidente;particolaritastrade;TipoStrada;FondoStradale;Pavimentazione;Segnaletica;CondizioneAtmosferica;Traffico;Visibilita;Illuminazione;NUM_FERITI;NUM_RISERVATA;NUM_MORTI;NUM_ILLESI;Longitudine;Latitudine;Confermato;Progressivo;TipoVeicolo;StatoVeicolo;TipoPersona;Sesso;Tipolesione;Deceduto;DecedutoDopo;CinturaCascoUtilizzato;Airbag
1688565;1;05/07/2006 13:50;Strada Urbana;LARGO GIOVANNI BATTISTA MARZI;all'intersezione con;VIA ALDO MANUZIO;VIA ALDO MANUZIO;;;Tamponamento Multiplo;Incrocio;Una carreggiata a doppio senso;Asciutto;Asfaltata;Verticale ed orizzontale;Sereno;Normale;Buona;Ore Diurne;1;0;0;2;;;-1;3;Autovettura privata;In marcia / fermata / arresto;Conducente;M;Illeso;0;;Non accertato;Inesistente
1688566;1;05/07/2006 14:30;Strada Urbana;VIA DI S. ALESSIO;all'intersezione con;VIA DI S. DOMENICO;VIA DI S. DOMENICO;;;Scontro laterale fra veicoli in marcia;Incrocio;Una carreggiata a senso unico di marcia;Asciutto;Asfaltata;Verticale ed orizzontale;Nuvoloso;Scarso;Sufficiente;Ore Diurne;0;0;0;2;;;-1;1;Autovettura privata;In marcia / fermata / arresto;Conducente;M;Illeso;0;;Non accertato;Inesploso
1688566;1;05/07/2006 14:30;Strada Urbana;VIA DI S. ALESSIO;all'intersezione con;VIA DI S. DOMENICO;VIA DI S. DOMENICO;;;Scontro laterale fra veicoli in marcia;Incrocio;Una carreggiata a senso unico di marcia;Asciutto;Asfaltata;Verticale ed orizzontale;Nuvoloso;Scarso;Sufficiente;Ore Diurne;0;0;0;2;;;-1;2;Autovettura privata;In marcia / fermata / arresto;Conducente;M;Illeso;0;;Non accertato;Inesploso
1688568;1;05/07/2006 15:00;Strada Urbana;VIALE AVENTINO;all'intersezione semaforizzata con;VIA DEL CIRCO MASSIMO;VIA DEL CIRCO MASSIMO;;;Investimento di pedone;Intersezione semaforizzata;Più di due carreggiate;Asciutto;Acciotolata;Verticale ed orizzontale;Sereno;Normale;Buona;Ore Diurne;1;0;0;1;;;-1;;;;Pedone;M;Rimandato;0;NON DECEDUTO;;
1688568;1;05/07/2006 15:00;Strada Urbana;VIALE AVENTINO;all'intersezione semaforizzata con;VIA DEL CIRCO MASSIMO;VIA DEL CIRCO MASSIMO;;;Investimento di pedone;Intersezione semaforizzata;Più di due carreggiate;Asciutto;Acciotolata;Verticale ed orizzontale;Sereno;Normale;Buona;Ore Diurne;1;0;0;1;;;-1;1;Autovettura privata;In marcia / fermata / arresto;Conducente;M;Illeso;0;;Utilizzato;Inesistente
1688569;1;05/07/2006 17:00;Strada Urbana;PIAZZA DEL POPOLO;in prossimità;;del civico n. ;1;;Tamponamento;Rettilineo;Una carreggiata a senso unico di marcia;Asciutto;Acciotolata;Verticale ed orizzontale;Sereno;Scarso;Buona;Ore Diurne;1;0;0;1;;;-1;1;Autobus urbano;In marcia / fermata / arresto;Conducente;M;Illeso;0;;Esente;Inesistente
1688569;1;05/07/2006 17:00;Strada Urbana;PIAZZA DEL POPOLO;in prossimità;;del civico n. ;1;;Tamponamento;Rettilineo;Una carreggiata a senso unico di marcia;Asciutto;Acciotolata;Verticale ed orizzontale;Sereno;Scarso;Buona;Ore Diurne;1;0;0;1;;;-1;2;Motociclo con passeggero;In marcia / fermata / arresto;Conducente;M;Rifiuta cure immediate;0;NON DECEDUTO;Utilizzato;Inesistente
1688571;1;05/07/2006 18:40;Strada Urbana;VIALE ENRICO DE NICOLA;in corrispondenza;;del palo luce n. ;20;;Tamponamento Multiplo;Rettilineo;Più di due carreggiate;Asciutto;Acciotolata;Verticale ed orizzontale;Sereno;Normale;Buona;Ore Diurne;3;0;0;3;;;-1;1;Motociclo a solo;In marcia / fermata / arresto;Conducente;M;Rifiuta cure immediate;0;NON DECEDUTO;Utilizzato;Inesistente
1688571;1;05/07/2006 18:40;Strada Urbana;VIALE ENRICO DE NICOLA;in corrispondenza;;del palo luce n. ;20;;Tamponamento Multiplo;Rettilineo;Più di due carreggiate;Asciutto;Acciotolata;Verticale ed orizzontale;Sereno;Normale;Buona;Ore Diurne;3;0;0;3;;;-1;2;Autovettura privata;In marcia / fermata / arresto;Conducente;M;Illeso;0;;Non accertato;Inesistente
1688571;1;05/07/2006 18:40;Strada Urbana;VIALE ENRICO DE NICOLA;in corrispondenza;;del palo luce n. ;20;;Tamponamento Multiplo;Rettilineo;Più di due carreggiate;Asciutto;Acciotolata;Verticale ed orizzontale;Sereno;Normale;Buona;Ore Diurne;3;0;0;3;;;-1;2;Autovettura privata;In marcia / fermata / arresto;Passeggero;F;Illeso;0;;Non accertato;Inesistente
1688571;1;05/07/2006 18:40;Strada Urbana;VIALE ENRICO DE NICOLA;in corrispondenza;;del palo luce n. ;20;;Tamponamento Multiplo;Rettilineo;Più di due carreggiate;Asciutto;Acciotolata;Verticale ed orizzontale;Sereno;Normale;Buona;Ore Diurne;3;0;0;3;;;-1;3;Quadriciclo leggero;In marcia / fermata / arresto;Conducente;F;Rifiuta cure immediate;0;NON DECEDUTO;Non accertato;Inesistente
1688571;1;05/07/2006 18:40;Strada Urbana;VIALE ENRICO DE NICOLA;in corrispondenza;;del palo luce n. ;20;;Tamponamento Multiplo;Rettilineo;Più di due carreggiate;Asciutto;Acciotolata;Verticale ed orizzontale;Sereno;Normale;Buona;Ore Diurne;3;0;0;3;;;-1;3;Quadriciclo leggero;In marcia / fermata / arresto;Passeggero;F;Rifiuta cure immediate;0;NON DECEDUTO;Non accertato;Inesistente
1688571;1;05/07/2006 18:40;Strada Urbana;VIALE ENRICO DE NICOLA;in corrispondenza;;del palo luce n. ;20;;Tamponamento Multiplo;Rettilineo;Più di due carreggiate;Asciutto;Acciotolata;Verticale ed orizzontale;Sereno;Normale;Buona;Ore Diurne;3;0;0;3;;;-1;4;Autovettura privata;In marcia / fermata / arresto;Conducente;M;Illeso;0;;Non accertato;Inesistente
1688572;1;05/07/2006 21:20;Strada Urbana;VIA DEL TEATRO DI MARCELLO;da specificare;;;;PROSSIMITA' INTERSEZIONE CON VICO JUGARIO;Veicolo in marcia contro ostacolo accidentale;Rettilineo;Una carreggiata a doppio senso;Viscido da liquidi oleosi;In cubetti di porfido;Orizzontale;Sereno;Scarso;Sufficiente;Sufficiente;1;0;0;0;;;-1;1;Motociclo a solo;In marcia / fermata / arresto;Conducente;M;Rifiuta cure immediate;0;NON DECEDUTO;Utilizzato;Inesistente
1688573;1;05/07/2006 21:20;Strada Urbana;VIA DEL TEATRO DI MARCELLO;da specificare;;;;PROSSIMITA' INTERSEZIONE CON VICO JUGARIO;Ribaltamento senza urto contro ostacolo fisso;Rettilineo;Una carreggiata a doppio senso;Viscido da liquidi oleosi;In cubetti di porfido;Orizzontale;Sereno;Scarso;Sufficiente;Sufficiente;0;0;0;1;;;-1;1;Motociclo a solo;In marcia / fermata / arresto;Conducente;M;Illeso;0;;Non accertato;Inesistente
1688575;1;05/07/2006 22:45;Strada Urbana;VIA CILICIA;da specificare;;;;altezza sottopasso via c.colombo;Tamponamento Multiplo;Rettilineo;Due carreggiate;Asciutto;Asfaltata;Verticale ed orizzontale;Sereno;Normale;Buona;Sufficiente;1;0;0;3;;;-1;1;Autovettura privata;In marcia / fermata / arresto;Conducente;F;Rimandato;0;NON DECEDUTO;Non accertato;Inesploso
1688575;1;05/07/2006 22:45;Strada Urbana;VIA CILICIA;da specificare;;;;altezza sottopasso via c.colombo;Tamponamento Multiplo;Rettilineo;Due carreggiate;Asciutto;Asfaltata;Verticale ed orizzontale;Sereno;Normale;Buona;Sufficiente;1;0;0;3;;;-1;1;Autovettura privata;In marcia / fermata / arresto;Passeggero;F;Illeso;0;;Non accertato;Inesistente
1688575;1;05/07/2006 22:45;Strada Urbana;VIA CILICIA;da specificare;;;;altezza sottopasso via c.colombo;Tamponamento Multiplo;Rettilineo;Due carreggiate;Asciutto;Asfaltata;Verticale ed orizzontale;Sereno;Normale;Buona;Sufficiente;1;0;0;3;;;-1;2;Autovettura privata;In marcia / fermata / arresto;Conducente;F;Illeso;0;;Non accertato;Inesistente
1688575;1;05/07/2006 22:45;Strada Urbana;VIA CILICIA;da specificare;;;;altezza sottopasso via c.colombo;Tamponamento Multiplo;Rettilineo;Due carreggiate;Asciutto;Asfaltata;Verticale ed orizzontale;Sereno;Normale;Buona;Sufficiente;1;0;0;3;;;-1;3;Autovettura privata;In marcia / fermata / arresto;Conducente;F;Illeso;0;;Non accertato;Inesistente
1688576;2;11/07/2006 09:30;Strada Urbana;PIAZZA TRENTO;all'intersezione con;CORSO TRIESTE;CORSO TRIESTE;;;Veicolo in marcia contro veicolo in sosta;Incrocio;Una carreggiata a senso unico di marcia;Asciutto;Asfaltata;Verticale ed orizzontale;Sereno;Intenso;Buona;Ore Diurne;0;0;0;2;;;-1;1;Autovettura privata;In marcia / fermata / arresto;Conducente;M;Illeso;0;;Non accertato;Inesistente
1688576;2;11/07/2006 09:30;Strada Urbana;PIAZZA TRENTO;all'intersezione con;CORSO TRIESTE;CORSO TRIESTE;;;Veicolo in marcia contro veicolo in sosta;Incrocio;Una carreggiata a senso unico di marcia;Asciutto;Asfaltata;Verticale ed orizzontale;Sereno;Intenso;Buona;Ore Diurne;0;0;0;2;;;-1;2;Autovettura privata;In marcia / fermata / arresto;Conducente;F;Illeso;0;;Non accertato;Inesistente
1688577;2;11/07/2006 13:10;Strada Urbana;VIALE DEL MURO TORTO;da specificare;;;;prima curva a salire;Ribaltamento senza urto contro ostacolo fisso;Cunetta;Due carreggiate;Asciutto;Asfaltata;Orizzontale;Sereno;Normale;Buona;Ore Diurne;0;0;0;1;;;-1;1;Motociclo a solo;In marcia / fermata / arresto;Conducente;M;Illeso;0;;Non accertato;Inesistente
1688579;2;11/07/2006 14:00;Strada Urbana;VIA TAGLIAMENTO;all'intersezione con;VIA ADIGE;VIA ADIGE;;;Scontro frontale fra veicoli in marcia;Incrocio;Una carreggiata a doppio senso;Asciutto;Asfaltata;Orizzontale;Sereno;Normale;Buona;Ore Diurne;0;0;0;5;;;-1;1;Autovettura privata;In marcia / fermata / arresto;Conducente;M;Illeso;0;;Non accertato;Inesistente
1688579;2;11/07/2006 14:00;Strada Urbana;VIA TAGLIAMENTO;all'intersezione con;VIA ADIGE;VIA ADIGE;;;Scontro frontale fra veicoli in marcia;Incrocio;Una carreggiata a doppio senso;Asciutto;Asfaltata;Orizzontale;Sereno;Normale;Buona;Ore Diurne;0;0;0;5;;;-1;1;Autovettura privata;In marcia / fermata / arresto;Passeggero;M;Illeso;0;;Non accertato;Inesistente
1688579;2;11/07/2006 14:00;Strada Urbana;VIA TAGLIAMENTO;all'intersezione con;VIA ADIGE;VIA ADIGE;;;Scontro frontale fra veicoli in marcia;Incrocio;Una carreggiata a doppio senso;Asciutto;Asfaltata;Orizzontale;Sereno;Normale;Buona;Ore Diurne;0;0;0;5;;;-1;1;Autovettura privata;In marcia / fermata / arresto;Passeggero;M;Illeso;0;;Non accertato;Inesploso
1688579;2;11/07/2006 14:00;Strada Urbana;VIA TAGLIAMENTO;all'intersezione con;VIA ADIGE;VIA ADIGE;;;Scontro frontale fra veicoli in marcia;Incrocio;Una carreggiata a doppio senso;Asciutto;Asfaltata;Orizzontale;Sereno;Normale;Buona;Ore Diurne;0;0;0;5;;;-1;2;Motociclo a solo;In marcia / fermata / arresto;Conducente;M;Illeso;0;;Non accertato;Inesistente
1688580;2;11/07/2006 16:30;Strada Urbana;LUNGOTEVERE FLAMINIO;in prossimità;;del civico n. ;4;;Infortunio per caduta del veicolo;Rettilineo;Una carreggiata a doppio senso;Asciutto;Asfaltata;Verticale ed orizzontale;Sereno;Normale;Buona;Ore Diurne;0;0;0;1;;;-1;1;Motociclo a solo;In marcia / fermata / arresto;Conducente;M;Illeso;0;;Non accertato;Inesistente
1688581;2;11/07/2006 17:35;Strada Urbana;CIRCONVALLAZIONE SALARIA;da specificare;;;;ALT. SVINCOLO PER VIA SALARIA GRA DIR STADIO;Tamponamento;Rettilineo;Due carreggiate;Asciutto;Asfaltata;Verticale ed orizzontale;Sereno;Normale;Buona;Ore Diurne;0;0;0;2;;;-1;1;Autovettura privata;In marcia / fermata / arresto;Conducente;F;Illeso;0;;Non accertato;Inesistente
1688581;2;11/07/2006 17:35;Strada Urbana;CIRCONVALLAZIONE SALARIA;da specificare;;;;ALT. SVINCOLO PER VIA SALARIA GRA DIR STADIO;Tamponamento;Rettilineo;Due carreggiate;Asciutto;Asfaltata;Verticale ed orizzontale;Sereno;Normale;Buona;Ore Diurne;0;0;0;2;;;-1;2;Autovettura privata;In marcia / fermata / arresto;Conducente;M;Illeso;0;;Non accertato;Inesistente
1688582;2;11/07/2006 17:50;Strada Urbana;CORSO TRIESTE;in corrispondenza;;del civico n. ;65/A;;Scontro laterale fra veicoli in marcia;Rettilineo;Due carreggiate;Asciutto;Asfaltata;Orizzontale;Sereno;Normale;Buona;Ore Diurne;1;0;0;1;;;-1;1;Autovettura privata;In marcia / fermata / arresto;Conducente;F;Illeso;0;;Non accertato;Inesistente
1688582;2;11/07/2006 17:50;Strada Urbana;CORSO TRIESTE;in corrispondenza;;del civico n. ;65/A;;Scontro laterale fra veicoli in marcia;Rettilineo;Due carreggiate;Asciutto;Asfaltata;Orizzontale;Sereno;Normale;Buona;Ore Diurne;1;0;0;1;;;-1;2;Motociclo a solo;In marcia / fermata / arresto;Conducente;F;Rimandato;0;NON DECEDUTO;Non accertato;Inesistente
1688583;2;11/07/2006 18:15;Strada Urbana;VIA DEL FORO ITALICO;all'intersezione con;VIA DEI CAMPI SPORTIVI;VIA DEI CAMPI SPORTIVI;;;Scontro laterale fra veicoli in marcia;Incrocio;Due carreggiate;Asciutto;Asfaltata;Verticale ed orizzontale;Sereno;Normale;Buona;Ore Diurne;1;0;0;1;;;-1;1;Motociclo a solo;In marcia / fermata / arresto;Conducente;M;Rimandato;0;NON DECEDUTO;Non accertato;Inesistente
1688583;2;11/07/2006 18:15;Strada Urbana;VIA DEL FORO ITALICO;all'intersezione con;VIA DEI CAMPI SPORTIVI;VIA DEI CAMPI SPORTIVI;;;Scontro laterale fra veicoli in marcia;Incrocio;Due carreggiate;Asciutto;Asfaltata;Verticale ed orizzontale;Sereno;Normale;Buona;Ore Diurne;1;0;0;1;;;-1;2;Autovettura privata;In marcia / fermata / arresto;Conducente;M;Illeso;0;;Non accertato;Inesistente
1688584;2;11/07/2006 20:55;Strada Urbana;LUNGOTEVERE FLAMINIO;all'intersezione con;VIA FRANCESCO MILIZIA;VIA FRANCESCO MILIZIA;;;Tamponamento;Intersezione stradale segnalata;Una carreggiata a doppio senso;Asciutto;Asfaltata;Verticale ed orizzontale;Sereno;Normale;Sufficiente;Sufficiente;2;0;0;1;;;-1;1;Autovettura privata;In marcia / fermata / arresto;Conducente;M;Illeso;0;;Non accertato;Inesistente
1688584;2;11/07/2006 20:55;Strada Urbana;LUNGOTEVERE FLAMINIO;all'intersezione con;VIA FRANCESCO MILIZIA;VIA FRANCESCO MILIZIA;;;Tamponamento;Intersezione stradale segnalata;Una carreggiata a doppio senso;Asciutto;Asfaltata;Verticale ed orizzontale;Sereno;Normale;Sufficiente;Sufficiente;2;0;0;1;;;-1;2;Motociclo a solo;In marcia / fermata / arresto;Conducente;M;Rimandato;0;NON DECEDUTO;Non accertato;Inesistente
1688584;2;11/07/2006 20:55;Strada Urbana;LUNGOTEVERE FLAMINIO;all'intersezione con;VIA FRANCESCO MILIZIA;VIA FRANCESCO MILIZIA;;;Tamponamento;Intersezione stradale segnalata;Una carreggiata a doppio senso;Asciutto;Asfaltata;Verticale ed orizzontale;Sereno;Normale;Sufficiente;Sufficiente;2;0;0;1;;;-1;2;Motociclo a solo;In marcia / fermata / arresto;Passeggero;M;Rimandato;0;NON DECEDUTO;Non accertato;Inesistente
1688585;2;12/07/2006 15:45;Strada Urbana;VIALE GORIZIA;all'intersezione con;VIA ROVERETO;VIA ROVERETO;;;Scontro frontale/laterale SX fra veicoli in marcia;Intersezione stradale segnalata;Una carreggiata a doppio senso;Asciutto;Asfaltata;Verticale ed orizzontale;Sereno;Normale;Buona;Ore Diurne;1;0;0;1;;;-1;1;Autovettura di polizia;In marcia / fermata / arresto;Conducente;M;Illeso;0;;Non accertato;Inesploso
1688585;2;12/07/2006 15:45;Strada Urbana;VIALE GORIZIA;all'intersezione con;VIA ROVERETO;VIA ROVERETO;;;Scontro frontale/laterale SX fra veicoli in marcia;Intersezione stradale segnalata;Una carreggiata a doppio senso;Asciutto;Asfaltata;Verticale ed orizzontale;Sereno;Normale;Buona;Ore Diurne;1;0;0;1;;;-1;2;Motociclo a solo;In marcia / fermata / arresto;Conducente;M;Rimandato;0;NON DECEDUTO;Non accertato;Inesistente
1688586;3;08/07/2006 12:00;Strada Urbana;VIA TIBURTINA;in corrispondenza;;del civico n. ;123;;Scontro frontale/laterale SX fra veicoli in marcia;Rettilineo;Una carreggiata a doppio senso;Asciutto;Asfaltata;Verticale ed orizzontale;Sereno;Normale;Buona;Ore Diurne;1;0;0;5;;;-1;1;Autovettura privata;In marcia / fermata / arresto;Conducente;F;Illeso;0;;Non accertato;Inesistente
1688586;3;08/07/2006 12:00;Strada Urbana;VIA TIBURTINA;in corrispondenza;;del civico n. ;123;;Scontro frontale/laterale SX fra veicoli in marcia;Rettilineo;Una carreggiata a doppio senso;Asciutto;Asfaltata;Verticale ed orizzontale;Sereno;Normale;Buona;Ore Diurne;1;0;0;5;;;-1;1;Autovettura privata;In marcia / fermata / arresto;Passeggero;F;Illeso;0;;Non accertato;Inesistente
1688586;3;08/07/2006 12:00;Strada Urbana;VIA TIBURTINA;in corrispondenza;;del civico n. ;123;;Scontro frontale/laterale SX fra veicoli in marcia;Rettilineo;Una carreggiata a doppio senso;Asciutto;Asfaltata;Verticale ed orizzontale;Sereno;Normale;Buona;Ore Diurne;1;0;0;5;;;-1;1;Autovettura privata;In marcia / fermata / arresto;Passeggero;F;Illeso;0;;Non accertato;Inesistente
1688586;3;08/07/2006 12:00;Strada Urbana;VIA TIBURTINA;in corrispondenza;;del civico n. ;123;;Scontro frontale/laterale SX fra veicoli in marcia;Rettilineo;Una carreggiata a doppio senso;Asciutto;Asfaltata;Verticale ed orizzontale;Sereno;Normale;Buona;Ore Diurne;1;0;0;5;;;-1;1;Autovettura privata;In marcia / fermata / arresto;Passeggero;F;Illeso;0;;Non accertato;Inesistente
1688586;3;08/07/2006 12:00;Strada Urbana;VIA TIBURTINA;in corrispondenza;;del civico n. ;123;;Scontro frontale/laterale SX fra veicoli in marcia;Rettilineo;Una carreggiata a doppio senso;Asciutto;Asfaltata;Verticale ed orizzontale;Sereno;Normale;Buona;Ore Diurne;1;0;0;5;;;-1;1;Autovettura privata;In marcia / fermata / arresto;Passeggero;F;Illeso;0;;Non accertato;Inesistente
1688586;3;08/07/2006 12:00;Strada Urbana;VIA TIBURTINA;in corrispondenza;;del civico n. ;123;;Scontro frontale/laterale SX fra veicoli in marcia;Rettilineo;Una carreggiata a doppio senso;Asciutto;Asfaltata;Verticale ed orizzontale;Sereno;Normale;Buona;Ore Diurne;1;0;0;5;;;-1;2;Motociclo a solo;In marcia / fermata / arresto;Conducente;F;Rimandato;0;NON DECEDUTO;Non accertato;Inesistente
1688587;3;11/07/2006 08:20;Strada Urbana;VIA DELLA LEGA LOMBARDA;all'intersezione semaforizzata con;VIA ARDUINO;VIA ARDUINO;;;Scontro frontale/laterale DX fra veicoli in marcia;Incrocio;Due carreggiate;Asciutto;Asfaltata;Verticale ed orizzontale;Sereno;Intenso;Buona;Ore Diurne;1;0;0;1;;;-1;1;Motociclo a solo;In marcia / fermata / arresto;Conducente;M;Rifiuta cure immediate;0;NON DECEDUTO;Non accertato;Inesistente
1688587;3;11/07/2006 08:20;Strada Urbana;VIA DELLA LEGA LOMBARDA;all'intersezione semaforizzata con;VIA ARDUINO;VIA ARDUINO;;;Scontro frontale/laterale DX fra veicoli in marcia;Incrocio;Due carreggiate;Asciutto;Asfaltata;Verticale ed orizzontale;Sereno;Intenso;Buona;Ore Diurne;1;0;0;1;;;-1;2;Autovettura privata;In marcia / fermata / arresto;Conducente;F;Illeso;0;;Non accertato;Inesistente
1688588;3;11/07/2006 08:35;Strada Urbana;LARGO SETTIMIO PASSAMONTI;da specificare;;;;altezza bivio per Scalo San Lorenzo;Infortunio per caduta del veicolo;Rettilineo;Due carreggiate;Asciutto;Asfaltata;Verticale ed orizzontale;Sereno;Intenso;Buona;Ore Diurne;1;0;0;1;;;-1;1;Autovettura privata;In marcia / fermata / arresto;Conducente;M;Illeso;0;;Utilizzato;Inesistente
1688588;3;11/07/2006 08:35;Strada Urbana;LARGO SETTIMIO PASSAMONTI;da specificare;;;;altezza bivio per Scalo San Lorenzo;Infortunio per caduta del veicolo;Rettilineo;Due carreggiate;Asciutto;Asfaltata;Verticale ed orizzontale;Sereno;Intenso;Buona;Ore Diurne;1;0;0;1;;;-1;2;Motociclo a solo;In marcia / fermata / arresto;Conducente;M;Rimandato;0;NON DECEDUTO;Utilizzato;Inesistente
1688590;4;04/07/2006 07:45;Provinciale entro l'abitato;VIA NOMENTANA;all'intersezione con;VIA GIANGIORGIO TRISSINO;VIA GIANGIORGIO TRISSINO;;;Scontro frontale/laterale DX fra veicoli in marcia;Incrocio;Una carreggiata a doppio senso;Asciutto;Asfaltata;Verticale ed orizzontale;Sereno;Normale;Buona;Ore Diurne;1;0;0;1;;;-1;1;Ciclomotore;In marcia / fermata / arresto;Conducente;M;Rimandato;0;NON DECEDUTO;Non accertato;Inesistente
1688590;4;04/07/2006 07:45;Provinciale entro l'abitato;VIA NOMENTANA;all'intersezione con;VIA GIANGIORGIO TRISSINO;VIA GIANGIORGIO TRISSINO;;;Scontro frontale/laterale DX fra veicoli in marcia;Incrocio;Una carreggiata a doppio senso;Asciutto;Asfaltata;Verticale ed orizzontale;Sereno;Normale;Buona;Ore Diurne;1;0;0;1;;;-1;2;Autovettura privata;In marcia / fermata / arresto;Conducente;M;Illeso;0;;Non accertato;Inesistente
1688591;4;04/07/2006 18:45;Strada Urbana;VIA CIMONE;in prossimità;;del civico n. ;49;;Scontro laterale fra veicoli in marcia;Pendenza;Una carreggiata a senso unico di marcia;Asciutto;Asfaltata;Assente;Sereno;Normale;Buona;Sufficiente;1;0;0;2;;;-1;1;Autovettura privata;In marcia / fermata / arresto;Conducente;M;Illeso;0;;Non accertato;Inesistente
1688591;4;04/07/2006 18:45;Strada Urbana;VIA CIMONE;in prossimità;;del civico n. ;49;;Scontro laterale fra veicoli in marcia;Pendenza;Una carreggiata a senso unico di marcia;Asciutto;Asfaltata;Assente;Sereno;Normale;Buona;Sufficiente;1;0;0;2;;;-1;1;Autovettura privata;In marcia / fermata / arresto;Passeggero;F;Illeso;0;;Non accertato;Inesistente
1688591;4;04/07/2006 18:45;Strada Urbana;VIA CIMONE;in prossimità;;del civico n. ;49;;Scontro laterale fra veicoli in marcia;Pendenza;Una carreggiata a senso unico di marcia;Asciutto;Asfaltata;Assente;Sereno;Normale;Buona;Sufficiente;1;0;0;2;;;-1;2;Motociclo a solo;In marcia / fermata / arresto;Conducente;M;Rimandato;0;NON DECEDUTO;Utilizzato;Inesistente
1688592;4;04/07/2006 20:55;Strada Urbana;VIA VIRGILIO TALLI;all'intersezione semaforizzata con;VIADOTTO ANTONIO SEGNI;VIADOTTO ANTONIO SEGNI;;;Scontro laterale fra veicoli in marcia;Incrocio;Una carreggiata a senso unico di marcia;Asciutto;Asfaltata;Verticale;Sereno;Normale;Buona;Sufficiente;1;0;0;3;;;-1;1;Ciclomotore;In marcia / fermata / arresto;Conducente;F;Rimandato;0;NON DECEDUTO;Non accertato;Inesistente
1688592;4;04/07/2006 20:55;Strada Urbana;VIA VIRGILIO TALLI;all'intersezione semaforizzata con;VIADOTTO ANTONIO SEGNI;VIADOTTO ANTONIO SEGNI;;;Scontro laterale fra veicoli in marcia;Incrocio;Una carreggiata a senso unico di marcia;Asciutto;Asfaltata;Verticale;Sereno;Normale;Buona;Sufficiente;1;0;0;3;;;-1;2;Autovettura pubblica;In marcia / fermata / arresto;Conducente;M;Illeso;0;;Non accertato;Inesistente
1688592;4;04/07/2006 20:55;Strada Urbana;VIA VIRGILIO TALLI;all'intersezione semaforizzata con;VIADOTTO ANTONIO SEGNI;VIADOTTO ANTONIO SEGNI;;;Scontro laterale fra veicoli in marcia;Incrocio;Una carreggiata a senso unico di marcia;Asciutto;Asfaltata;Verticale;Sereno;Normale;Buona;Sufficiente;1;0;0;3;;;-1;2;Autovettura pubblica;In marcia / fermata / arresto;Passeggero;F;Illeso;0;;Non accertato;Inesistente
1688592;4;04/07/2006 20:55;Strada Urbana;VIA VIRGILIO TALLI;all'intersezione semaforizzata con;VIADOTTO ANTONIO SEGNI;VIADOTTO ANTONIO SEGNI;;;Scontro laterale fra veicoli in marcia;Incrocio;Una carreggiata a senso unico di marcia;Asciutto;Asfaltata;Verticale;Sereno;Normale;Buona;Sufficiente;1;0;0;3;;;-1;2;Autovettura pubblica;In marcia / fermata / arresto;Passeggero;F;Illeso;0;;Non accertato;Inesistente
1688593;4;04/07/2006 22:00;Strada Urbana;VIA TEOFILO FOLENGO;all'intersezione con;VIA FERDINANDO MARTINI;VIA FERDINANDO MARTINI;;;Scontro frontale/laterale DX fra veicoli in marcia;Incrocio;Una carreggiata a senso unico di marcia;Asciutto;Asfaltata;Verticale;Sereno;Scarso;Buona;Sufficiente;1;0;0;1;;;-1;1;Autovettura privata;In marcia / fermata / arresto;Conducente;F;Illeso;0;;Non accertato;Inesistente
1688593;4;04/07/2006 22:00;Strada Urbana;VIA TEOFILO FOLENGO;all'intersezione con;VIA FERDINANDO MARTINI;VIA FERDINANDO MARTINI;;;Scontro frontale/laterale DX fra veicoli in marcia;Incrocio;Una carreggiata a senso unico di marcia;Asciutto;Asfaltata;Verticale;Sereno;Scarso;Buona;Sufficiente;1;0;0;1;;;-1;2;Motociclo a solo;In marcia / fermata / arresto;Conducente;M;Rimandato;0;NON DECEDUTO;Non accertato;Inesistente
1688594;4;10/07/2006 05:00;Strada Urbana;VIA NOMENTANA;in corrispondenza;;del civico n. ;685;;Veicolo in marcia contro veicolo fermo;Curva a visuale libera;Una carreggiata a doppio senso;Asciutto;Asfaltata;Orizzontale;Sereno;Scarso;Buona;Ore Diurne;2;0;0;1;;;-1;1;Autovettura privata;In marcia / fermata / arresto;Conducente;M;Illeso;0;;Non accertato;Inesistente
1688594;4;10/07/2006 05:00;Strada Urbana;VIA NOMENTANA;in corrispondenza;;del civico n. ;685;;Veicolo in marcia contro veicolo fermo;Curva a visuale libera;Una carreggiata a doppio senso;Asciutto;Asfaltata;Orizzontale;Sereno;Scarso;Buona;Ore Diurne;2;0;0;1;;;-1;2;Autovettura privata;In marcia / fermata / arresto;Conducente;M;Rimandato;0;NON DECEDUTO;Non accertato;Inesistente
1688594;4;10/07/2006 05:00;Strada Urbana;VIA NOMENTANA;in corrispondenza;;del civico n. ;685;;Veicolo in marcia contro veicolo fermo;Curva a visuale libera;Una carreggiata a doppio senso;Asciutto;Asfaltata;Orizzontale;Sereno;Scarso;Buona;Ore Diurne;2;0;0;1;;;-1;2;Autovettura privata;In marcia / fermata / arresto;Passeggero;M;Rimandato;0;NON DECEDUTO;Non accertato;Inesistente