Protocollo;Gruppo;DataOraIncidente;Localizzazione1;STRADA1;Localizzazione2;STRADA2;Strada02;Chilometrica;DaSpecificare;NaturaIncidente;particolaritastrade;TipoStrada;FondoStradale;Pavimentazione;Segnaletica;CondizioneAtmosferica;Traffico;Visibilita;Illuminazione;NUM_FERITI;NUM_RISERVATA;NUM_MORTI;NUM_ILLESI;Longitudine;Latitudine;Confermato;Progressivo;TipoVeicolo;StatoVeicolo;TipoPersona;Sesso;Tipolesione;Deceduto;DecedutoDopo;CinturaCascoUtilizzato;Airbag
1690073;13;25/07/2006 16:25;Strada Urbana;VIALE PRASSILLA;da specificare;;;;area di parcheggio fronte civico 41;Tamponamento;Rettilineo;Una carreggiata a senso unico di marcia;Asciutto;Asfaltata;Orizzontale;Sereno;Normale;Buona;Ore Diurne;0;0;0;2;;;-1;1;Autovettura privata;In marcia / fermata / arresto;Conducente;F;Illeso;0;;Non accertato;Inesploso
1690073;13;25/07/2006 16:25;Strada Urbana;VIALE PRASSILLA;da specificare;;;;area di parcheggio fronte civico 41;Tamponamento;Rettilineo;Una carreggiata a senso unico di marcia;Asciutto;Asfaltata;Orizzontale;Sereno;Normale;Buona;Ore Diurne;0;0;0;2;;;-1;2;Autovettura privata;In marcia / fermata / arresto;Conducente;M;Illeso;0;;Non accertato;Inesistente
1690074;13;25/07/2006 17:15;Strada Urbana;VIA FABIANO LANDI;all'intersezione con;VIA SONDALO;VIA SONDALO;;;Scontro laterale fra veicoli in marcia;Incrocio;Una carreggiata a doppio senso;Asciutto;Asfaltata;Verticale;Sereno;Normale;Buona;Ore Diurne;0;0;0;2;;;-1;1;Autovettura privata;In marcia / fermata / arresto;Conducente;M;Illeso;0;;Non accertato;Inesistente
1690074;13;25/07/2006 17:15;Strada Urbana;VIA FABIANO LANDI;all'intersezione con;VIA SONDALO;VIA SONDALO;;;Scontro laterale fra veicoli in marcia;Incrocio;Una carreggiata a doppio senso;Asciutto;Asfaltata;Verticale;Sereno;Normale;Buona;Ore Diurne;0;0;0;2;;;-1;2;Motociclo a solo;In marcia / fermata / arresto;Conducente;M;Illeso;0;;Non accertato;Inesistente
1690075;13;25/07/2006 18:00;Strada Urbana;VIA DEL CANALE DELLA LINGUA;all'intersezione con;VIA PIO RAJNA;VIA PIO RAJNA;;;Scontro frontale/laterale SX fra veicoli in marcia;Incrocio;Una carreggiata a doppio senso;Asciutto;Asfaltata;Orizzontale;Sereno;Normale;Buona;Ore Diurne;0;0;0;2;;;-1;1;Autovettura privata;In marcia / fermata / arresto;Conducente;M;Illeso;0;;Non accertato;Inesploso
1690075;13;25/07/2006 18:00;Strada Urbana;VIA DEL CANALE DELLA LINGUA;all'intersezione con;VIA PIO RAJNA;VIA PIO RAJNA;;;Scontro frontale/laterale SX fra veicoli in marcia;Incrocio;Una carreggiata a doppio senso;Asciutto;Asfaltata;Orizzontale;Sereno;Normale;Buona;Ore Diurne;0;0;0;2;;;-1;2;Autovettura privata;In marcia / fermata / arresto;Conducente;F;Illeso;0;;Non accertato;Inesploso
1690076;13;25/07/2006 19:00;Strada Urbana;VIA GUIDO CALZA;all'intersezione con;VIALE DEI ROMAGNOLI;VIALE DEI ROMAGNOLI;;;Scontro laterale fra veicoli in marcia;Incrocio;Una carreggiata a senso unico di marcia;Asciutto;Asfaltata;Verticale ed orizzontale;Sereno;Normale;Buona;Ore Diurne;1;0;0;1;;;-1;1;Motociclo a solo;In marcia / fermata / arresto;Conducente;M;Rimandato;0;NON DECEDUTO;Utilizzato;Inesistente
1690076;13;25/07/2006 19:00;Strada Urbana;VIA GUIDO CALZA;all'intersezione con;VIALE DEI ROMAGNOLI;VIALE DEI ROMAGNOLI;;;Scontro laterale fra veicoli in marcia;Incrocio;Una carreggiata a senso unico di marcia;Asciutto;Asfaltata;Verticale ed orizzontale;Sereno;Normale;Buona;Ore Diurne;1;0;0;1;;;-1;2;Autovettura privata;In marcia / fermata / arresto;Conducente;M;Illeso;0;;Utilizzato;Inesploso
1690077;15;22/07/2006 10:15;Strada Urbana;PIAZZA DELLA RADIO;da specificare;;;;lato ingresso parcheggio s.t.a;Tamponamento;Rettilineo;Due carreggiate;Asciutto;Asfaltata;Verticale ed orizzontale;Sereno;Normale;Buona;Ore Diurne;0;0;0;1;;;-1;1;Motociclo a solo;In marcia / fermata / arresto;Conducente;M;Illeso;0;;Utilizzato;Inesistente
1690079;15;25/07/2006 17:00;Strada Urbana;VIA GIANNETTO VALLI;in corrispondenza;;del civico n. ;71;;Scontro laterale fra veicoli in marcia;Curva a visuale libera;Una carreggiata a doppio senso;Asciutto;Asfaltata;Orizzontale;Sereno;Normale;Buona;Ore Diurne;0;0;0;2;;;-1;1;Autovettura privata;In marcia / fermata / arresto;Conducente;F;Illeso;0;;Utilizzato;Inesistente
1690079;15;25/07/2006 17:00;Strada Urbana;VIA GIANNETTO VALLI;in corrispondenza;;del civico n. ;71;;Scontro laterale fra veicoli in marcia;Curva a visuale libera;Una carreggiata a doppio senso;Asciutto;Asfaltata;Orizzontale;Sereno;Normale;Buona;Ore Diurne;0;0;0;2;;;-1;2;Autovettura privata;In marcia / fermata / arresto;Conducente;F;Illeso;0;;Utilizzato;Inesistente
1690080;16;14/07/2006 18:00;Strada Urbana;VIA DEL PESCACCIO;all'intersezione con;RAMPA GRA CARREGGIATA ESTERNA;RAMPA GRA CARREGGIATA ESTERNA;;;Scontro frontale/laterale SX fra veicoli in marcia;Incrocio;Una carreggiata a doppio senso;Asciutto;Asfaltata;Verticale ed orizzontale;Sereno;Normale;Sufficiente;Ore Diurne;0;0;0;5;;;-1;1;Autovettura privata;In marcia / fermata / arresto;Conducente;F;Illeso;0;;Non accertato;Inesistente
1690080;16;14/07/2006 18:00;Strada Urbana;VIA DEL PESCACCIO;all'intersezione con;RAMPA GRA CARREGGIATA ESTERNA;RAMPA GRA CARREGGIATA ESTERNA;;;Scontro frontale/laterale SX fra veicoli in marcia;Incrocio;Una carreggiata a doppio senso;Asciutto;Asfaltata;Verticale ed orizzontale;Sereno;Normale;Sufficiente;Ore Diurne;0;0;0;5;;;-1;1;Autovettura privata;In marcia / fermata / arresto;Passeggero;M;Illeso;0;;Non accertato;Inesistente
1690080;16;14/07/2006 18:00;Strada Urbana;VIA DEL PESCACCIO;all'intersezione con;RAMPA GRA CARREGGIATA ESTERNA;RAMPA GRA CARREGGIATA ESTERNA;;;Scontro frontale/laterale SX fra veicoli in marcia;Incrocio;Una carreggiata a doppio senso;Asciutto;Asfaltata;Verticale ed orizzontale;Sereno;Normale;Sufficiente;Ore Diurne;0;0;0;5;;;-1;1;Autovettura privata;In marcia / fermata / arresto;Passeggero;M;Illeso;0;;Non accertato;Inesistente
1690080;16;14/07/2006 18:00;Strada Urbana;VIA DEL PESCACCIO;all'intersezione con;RAMPA GRA CARREGGIATA ESTERNA;RAMPA GRA CARREGGIATA ESTERNA;;;Scontro frontale/laterale SX fra veicoli in marcia;Incrocio;Una carreggiata a doppio senso;Asciutto;Asfaltata;Verticale ed orizzontale;Sereno;Normale;Sufficiente;Ore Diurne;0;0;0;5;;;-1;2;Autovettura privata;In marcia / fermata / arresto;Conducente;M;Illeso;0;;Non accertato;Inesistente
1690080;16;14/07/2006 18:00;Strada Urbana;VIA DEL PESCACCIO;all'intersezione con;RAMPA GRA CARREGGIATA ESTERNA;RAMPA GRA CARREGGIATA ESTERNA;;;Scontro frontale/laterale SX fra veicoli in marcia;Incrocio;Una carreggiata a doppio senso;Asciutto;Asfaltata;Verticale ed orizzontale;Sereno;Normale;Sufficiente;Ore Diurne;0;0;0;5;;;-1;2;Autovettura privata;In marcia / fermata / arresto;Passeggero;M;Illeso;0;;Non accertato;Inesistente
1690081;16;15/07/2006 08:50;Strada Urbana;VIA LUIGI ZAMBARELLI;in prossimità;;del civico n. ;31;;Scontro laterale fra veicoli in marcia;Rettilineo;Una carreggiata a doppio senso;Asciutto;Asfaltata;Orizzontale;Sereno;Normale;Buona;Ore Diurne;0;0;0;2;;;-1;1;Autocarro inferiore 35 q.;In marcia / fermata / arresto;Conducente;M;Illeso;0;;Non accertato;Inesistente
1690081;16;15/07/2006 08:50;Strada Urbana;VIA LUIGI ZAMBARELLI;in prossimità;;del civico n. ;31;;Scontro laterale fra veicoli in marcia;Rettilineo;Una carreggiata a doppio senso;Asciutto;Asfaltata;Orizzontale;Sereno;Normale;Buona;Ore Diurne;0;0;0;2;;;-1;2;Autovettura privata;In marcia / fermata / arresto;Conducente;M;Illeso;0;;Non accertato;Inesistente
1690093;20;25/07/2006 11:30;Strada Urbana;VIA DI GROTTAROSSA;in corrispondenza;;del civico n. ;333;;Scontro frontale fra veicoli in marcia;Curva senza visuale libera;Una carreggiata a doppio senso;Asciutto;Asfaltata;Verticale ed orizzontale;Sereno;Normale;Buona;Ore Diurne;1;0;0;1;;;-1;1;Autovettura privata;In marcia / fermata / arresto;Conducente;M;Illeso;0;;Non accertato;Inesistente
1690093;20;25/07/2006 11:30;Strada Urbana;VIA DI GROTTAROSSA;in corrispondenza;;del civico n. ;333;;Scontro frontale fra veicoli in marcia;Curva senza visuale libera;Una carreggiata a doppio senso;Asciutto;Asfaltata;Verticale ed orizzontale;Sereno;Normale;Buona;Ore Diurne;1;0;0;1;;;-1;2;Motociclo a solo;In marcia / fermata / arresto;Conducente;M;Rimandato;0;NON DECEDUTO;Non accertato;Inesistente
1690094;20;25/07/2006 14:00;Strada Urbana;VIALE ANTONINO DI SAN GIULIANO;all'intersezione con;VIA DEI ROBILANT;VIA DEI ROBILANT;;;Scontro frontale/laterale DX fra veicoli in marcia;Incrocio;Due carreggiate;Asciutto;Asfaltata;Verticale ed orizzontale;Sereno;Normale;Buona;Ore Diurne;2;0;0;1;;;-1;1;Autovettura privata;In marcia / fermata / arresto;Conducente;M;Illeso;0;;Non accertato;Inesistente
1690094;20;25/07/2006 14:00;Strada Urbana;VIALE ANTONINO DI SAN GIULIANO;all'intersezione con;VIA DEI ROBILANT;VIA DEI ROBILANT;;;Scontro frontale/laterale DX fra veicoli in marcia;Incrocio;Due carreggiate;Asciutto;Asfaltata;Verticale ed orizzontale;Sereno;Normale;Buona;Ore Diurne;2;0;0;1;;;-1;2;Motociclo con passeggero;In marcia / fermata / arresto;Conducente;M;Rimandato;0;NON DECEDUTO;Non accertato;Inesistente
1690094;20;25/07/2006 14:00;Strada Urbana;VIALE ANTONINO DI SAN GIULIANO;all'intersezione con;VIA DEI ROBILANT;VIA DEI ROBILANT;;;Scontro frontale/laterale DX fra veicoli in marcia;Incrocio;Due carreggiate;Asciutto;Asfaltata;Verticale ed orizzontale;Sereno;Normale;Buona;Ore Diurne;2;0;0;1;;;-1;2;Motociclo con passeggero;In marcia / fermata / arresto;Passeggero;M;Rimandato;0;NON DECEDUTO;Non accertato;Inesistente
1690095;20;25/07/2006 16:00;Strada Urbana;VIA CASSIA NUOVA;da specificare;;;;ALL'ALTEZZA DI VIA DELL'INVIOLATELLA BORGHESE;Tamponamento;Rettilineo;Una carreggiata a doppio senso;Asciutto;Asfaltata;Verticale ed orizzontale;Sereno;Normale;Buona;Ore Diurne;2;0;0;1;;;-1;1;Autovettura privata;In marcia / fermata / arresto;Passeggero;M;Rimandato;0;NON DECEDUTO;Non accertato;Inesistente
1690095;20;25/07/2006 16:00;Strada Urbana;VIA CASSIA NUOVA;da specificare;;;;ALL'ALTEZZA DI VIA DELL'INVIOLATELLA BORGHESE;Tamponamento;Rettilineo;Una carreggiata a doppio senso;Asciutto;Asfaltata;Verticale ed orizzontale;Sereno;Normale;Buona;Ore Diurne;2;0;0;1;;;-1;1;Autovettura privata;In marcia / fermata / arresto;Conducente;M;Ricoverato;0;NON DECEDUTO;Non accertato;Inesistente
1690095;20;25/07/2006 16:00;Strada Urbana;VIA CASSIA NUOVA;da specificare;;;;ALL'ALTEZZA DI VIA DELL'INVIOLATELLA BORGHESE;Tamponamento;Rettilineo;Una carreggiata a doppio senso;Asciutto;Asfaltata;Verticale ed orizzontale;Sereno;Normale;Buona;Ore Diurne;2;0;0;1;;;-1;2;Autovettura privata;In marcia / fermata / arresto;Conducente;M;Illeso;0;;Non accertato;Esploso
1690096;20;25/07/2006 21:25;Provinciale;VIA TIBERINA;in corrispondenza;;della chilometrica ;3,9;;Veicolo in marcia contro ostacolo accidentale;Curva a visuale libera;Una carreggiata a doppio senso;Bagnato (pioggia);Asfaltata;Verticale ed orizzontale;Pioggia in atto;Normale;Insufficiente;Inesistente;0;0;0;2;;;-1;1;Autovettura privata;In marcia / fermata / arresto;Conducente;M;Illeso;0;;Non accertato;Inesistente
1690096;20;25/07/2006 21:25;Provinciale;VIA TIBERINA;in corrispondenza;;della chilometrica ;3,9;;Veicolo in marcia contro ostacolo accidentale;Curva a visuale libera;Una carreggiata a doppio senso;Bagnato (pioggia);Asfaltata;Verticale ed orizzontale;Pioggia in atto;Normale;Insufficiente;Inesistente;0;0;0;2;;;-1;1;Autovettura privata;In marcia / fermata / arresto;Passeggero;F;Illeso;0;;Non accertato;Inesistente
1690097;20;25/07/2006 21:30;Provinciale;VIA TIBERINA;in corrispondenza;;della chilometrica ;3,9;;Veicolo in marcia contro ostacolo accidentale;Rettilineo;Una carreggiata a doppio senso;Bagnato (pioggia);Asfaltata;Verticale ed orizzontale;Pioggia in atto;Normale;Insufficiente;Inesistente;0;0;0;1;;;-1;1;Autocarro inferiore 35 q.;In marcia / fermata / arresto;Conducente;M;Illeso;0;;Non accertato;Inesploso
1690098;20;25/07/2006 22:00;Statale entro l'abitato;VIADOTTO GIUBILEO DEL 2000;da specificare;;;;altezza svoncolo La Celsa direzione fuori città;Veicolo in marcia contro ostacolo fisso;Curva a visuale libera;Due carreggiate;Bagnato (pioggia);Asfaltata;Verticale ed orizzontale;Pioggia in atto;Normale;Buona;Sufficiente;1;0;0;0;;;-1;1;Autovettura privata;In marcia / fermata / arresto;Conducente;M;Rimandato;0;NON DECEDUTO;Non accertato;Inesploso
1690099;20;25/07/2006 22:30;Statale entro l'abitato;VIA FLAMINIA;da specificare;;;;sottovia Euclide;Veicolo in marcia contro ostacolo fisso;Galleria illuminata;Una carreggiata a senso unico di marcia;Bagnato (pioggia);Asfaltata;Verticale ed orizzontale;Pioggia in atto;Normale;Buona;Sufficiente;1;0;0;0;;;-1;1;Autovettura privata;In marcia / fermata / arresto;Conducente;M;Rimandato;0;NON DECEDUTO;Non accertato;Inesistente
1690100;23;24/07/2006 13:35;Comunale extraurbana;VIA CRISTOFORO COLOMBO;all'intersezione semaforizzata con;VIA DEL LIDO DI CASTELPORZIANO;VIA DEL LIDO DI CASTELPORZIANO;;;Tamponamento;Intersezione semaforizzata;Più di due carreggiate;Asciutto;Asfaltata;Verticale ed orizzontale;Sereno;Normale;Buona;Ore Diurne;1;0;0;2;;;-1;1;Autovettura privata;In marcia / fermata / arresto;Conducente;M;Rifiuta cure immediate;0;NON DECEDUTO;Non accertato;Inesploso
1690100;23;24/07/2006 13:35;Comunale extraurbana;VIA CRISTOFORO COLOMBO;all'intersezione semaforizzata con;VIA DEL LIDO DI CASTELPORZIANO;VIA DEL LIDO DI CASTELPORZIANO;;;Tamponamento;Intersezione semaforizzata;Più di due carreggiate;Asciutto;Asfaltata;Verticale ed orizzontale;Sereno;Normale;Buona;Ore Diurne;1;0;0;2;;;-1;2;Autovettura privata;In marcia / fermata / arresto;Conducente;M;Illeso;0;;Non accertato;Inesistente
1690100;23;24/07/2006 13:35;Comunale extraurbana;VIA CRISTOFORO COLOMBO;all'intersezione semaforizzata con;VIA DEL LIDO DI CASTELPORZIANO;VIA DEL LIDO DI CASTELPORZIANO;;;Tamponamento;Intersezione semaforizzata;Più di due carreggiate;Asciutto;Asfaltata;Verticale ed orizzontale;Sereno;Normale;Buona;Ore Diurne;1;0;0;2;;;-1;2;Autovettura privata;In marcia / fermata / arresto;Passeggero Istruttore;F;Illeso;0;;Non accertato;Inesploso
1690101;23;24/07/2006 16:00;Strada Urbana;VIA DEL CORSO;in prossimità;;del civico n. ;234;;Infortunio per caduta del veicolo;Rettilineo;Una carreggiata a doppio senso;Asciutto;Asfaltata;Verticale;Sereno;Intenso;Buona;Ore Diurne;0;0;0;3;;;-1;1;Autocarro inferiore 35 q.;In marcia / fermata / arresto;Conducente;M;Illeso;0;;Utilizzato;Inesistente
1690101;23;24/07/2006 16:00;Strada Urbana;VIA DEL CORSO;in prossimità;;del civico n. ;234;;Infortunio per caduta del veicolo;Rettilineo;Una carreggiata a doppio senso;Asciutto;Asfaltata;Verticale;Sereno;Intenso;Buona;Ore Diurne;0;0;0;3;;;-1;1;Autocarro inferiore 35 q.;In marcia / fermata / arresto;Passeggero;M;Illeso;0;;Non accertato;Inesistente
1690101;23;24/07/2006 16:00;Strada Urbana;VIA DEL CORSO;in prossimità;;del civico n. ;234;;Infortunio per caduta del veicolo;Rettilineo;Una carreggiata a doppio senso;Asciutto;Asfaltata;Verticale;Sereno;Intenso;Buona;Ore Diurne;0;0;0;3;;;-1;2;Autobus urbano;In marcia / fermata / arresto;Conducente;M;Illeso;0;;Non accertato;Inesistente
1690102;23;24/07/2006 17:30;Strada Urbana;LUNGOMARE AMERIGO VESPUCCI;da specificare;;;;Fronte stabilimento Gambrinus;Scontro frontale fra veicoli in marcia;Rettilineo;Due carreggiate;Asciutto;Asfaltata;Verticale ed orizzontale;Sereno;Normale;Buona;Ore Diurne;1;0;0;2;;;-1;1;Autovettura privata;In marcia / fermata / arresto;Conducente;M;Illeso;0;;Non accertato;Inesploso
1690102;23;24/07/2006 17:30;Strada Urbana;LUNGOMARE AMERIGO VESPUCCI;da specificare;;;;Fronte stabilimento Gambrinus;Scontro frontale fra veicoli in marcia;Rettilineo;Due carreggiate;Asciutto;Asfaltata;Verticale ed orizzontale;Sereno;Normale;Buona;Ore Diurne;1;0;0;2;;;-1;1;Autovettura privata;In marcia / fermata / arresto;Passeggero;F;Illeso;0;;Non accertato;Inesploso
1690102;23;24/07/2006 17:30;Strada Urbana;LUNGOMARE AMERIGO VESPUCCI;da specificare;;;;Fronte stabilimento Gambrinus;Scontro frontale fra veicoli in marcia;Rettilineo;Due carreggiate;Asciutto;Asfaltata;Verticale ed orizzontale;Sereno;Normale;Buona;Ore Diurne;1;0;0;2;;;-1;2;Motociclo con passeggero;In marcia / fermata / arresto;Conducente;F;Ricoverato;0;NON DECEDUTO;Non accertato;Inesistente
1690103;1;23/07/2006 00:15;Strada Urbana;LUNGOTEVERE DEI PIERLEONI;da specificare;;;;ALTEZZA MONTE SAVELLO;Tamponamento;Rettilineo;Una carreggiata a senso unico di marcia;Asciutto;Asfaltata;Verticale ed orizzontale;Sereno;Normale;Buona;Sufficiente;0;0;0;3;;;-1;1;Autovettura privata;In marcia / fermata / arresto;Conducente;M;Illeso;0;;Non accertato;Inesploso
1690103;1;23/07/2006 00:15;Strada Urbana;LUNGOTEVERE DEI PIERLEONI;da specificare;;;;ALTEZZA MONTE SAVELLO;Tamponamento;Rettilineo;Una carreggiata a senso unico di marcia;Asciutto;Asfaltata;Verticale ed orizzontale;Sereno;Normale;Buona;Sufficiente;0;0;0;3;;;-1;1;Autovettura privata;In marcia / fermata / arresto;Passeggero;F;Illeso;0;;Non accertato;Inesploso
1690103;1;23/07/2006 00:15;Strada Urbana;LUNGOTEVERE DEI PIERLEONI;da specificare;;;;ALTEZZA MONTE SAVELLO;Tamponamento;Rettilineo;Una carreggiata a senso unico di marcia;Asciutto;Asfaltata;Verticale ed orizzontale;Sereno;Normale;Buona;Sufficiente;0;0;0;3;;;-1;2;Autovettura privata;In marcia / fermata / arresto;Conducente;M;Illeso;0;;Non accertato;Inesploso
1690104;1;23/07/2006 04:00;Strada Urbana;VIA RAFFAELE PERSICHETTI;all'intersezione con;PIAZZALE OSTIENSE;PIAZZALE OSTIENSE;;;Scontro laterale fra veicoli in marcia;Incrocio;Una carreggiata a senso unico di marcia;Asciutto;Asfaltata;Verticale ed orizzontale;Sereno;Scarso;Buona;Sufficiente;0;0;0;3;;;-1;1;Autovettura privata;In marcia / fermata / arresto;Conducente;M;Illeso;0;;Utilizzato;Inesploso
1690104;1;23/07/2006 04:00;Strada Urbana;VIA RAFFAELE PERSICHETTI;all'intersezione con;PIAZZALE OSTIENSE;PIAZZALE OSTIENSE;;;Scontro laterale fra veicoli in marcia;Incrocio;Una carreggiata a senso unico di marcia;Asciutto;Asfaltata;Verticale ed orizzontale;Sereno;Scarso;Buona;Sufficiente;0;0;0;3;;;-1;1;Autovettura privata;In marcia / fermata / arresto;Passeggero;M;Illeso;0;;Utilizzato;Inesistente
1690104;1;23/07/2006 04:00;Strada Urbana;VIA RAFFAELE PERSICHETTI;all'intersezione con;PIAZZALE OSTIENSE;PIAZZALE OSTIENSE;;;Scontro laterale fra veicoli in marcia;Incrocio;Una carreggiata a senso unico di marcia;Asciutto;Asfaltata;Verticale ed orizzontale;Sereno;Scarso;Buona;Sufficiente;0;0;0;3;;;-1;2;Autobus urbano;In marcia / fermata / arresto;Conducente;M;Illeso;0;;Esente;Inesistente
1690105;1;23/07/2006 13:45;Strada Urbana;VIA DEI FUNARI;all'intersezione con;VIA MICHELANGELO CAETANI;VIA MICHELANGELO CAETANI;;;Scontro frontale/laterale DX fra veicoli in marcia;Incrocio;Una carreggiata a senso unico di marcia;Asciutto;In cubetti di porfido;Verticale ed orizzontale;Sereno;Scarso;Buona;Ore Diurne;0;0;0;3;;;-1;1;Autovettura privata;In marcia / fermata / arresto;Conducente;M;Illeso;0;;Non accertato;Inesistente
1690105;1;23/07/2006 13:45;Strada Urbana;VIA DEI FUNARI;all'intersezione con;VIA MICHELANGELO CAETANI;VIA MICHELANGELO CAETANI;;;Scontro frontale/laterale DX fra veicoli in marcia;Incrocio;Una carreggiata a senso unico di marcia;Asciutto;In cubetti di porfido;Verticale ed orizzontale;Sereno;Scarso;Buona;Ore Diurne;0;0;0;3;;;-1;2;Autovettura privata;In marcia / fermata / arresto;Conducente;M;Illeso;0;;Non accertato;Inesistente
1690105;1;23/07/2006 13:45;Strada Urbana;VIA DEI FUNARI;all'intersezione con;VIA MICHELANGELO CAETANI;VIA MICHELANGELO CAETANI;;;Scontro frontale/laterale DX fra veicoli in marcia;Incrocio;Una carreggiata a senso unico di marcia;Asciutto;In cubetti di porfido;Verticale ed orizzontale;Sereno;Scarso;Buona;Ore Diurne;0;0;0;3;;;-1;2;Autovettura privata;In marcia / fermata / arresto;Passeggero;F;Illeso;0;;Non accertato;Inesistente
1690106;1;23/07/2006 15:35;Strada Urbana;PIAZZA DI PORTA S. GIOVANNI;all'intersezione semaforizzata con;VIA EMANUELE FILIBERTO;VIA EMANUELE FILIBERTO;;;Scontro frontale fra veicoli in marcia;Intersezione semaforizzata;Una carreggiata a senso unico alternato;Asciutto;Asfaltata;Verticale ed orizzontale;Sereno;Scarso;Buona;Ore Diurne;1;0;0;1;;;-1;1;Autovettura privata;In marcia / fermata / arresto;Conducente;F;Rifiuta cure immediate;0;NON DECEDUTO;Non accertato;Inesistente
1690106;1;23/07/2006 15:35;Strada Urbana;PIAZZA DI PORTA S. GIOVANNI;all'intersezione semaforizzata con;VIA EMANUELE FILIBERTO;VIA EMANUELE FILIBERTO;;;Scontro frontale fra veicoli in marcia;Intersezione semaforizzata;Una carreggiata a senso unico alternato;Asciutto;Asfaltata;Verticale ed orizzontale;Sereno;Scarso;Buona;Ore Diurne;1;0;0;1;;;-1;2;Autovettura privata;In marcia / fermata / arresto;Conducente;M;Illeso;0;;Non accertato;Inesistente
1690107;1;23/07/2006 17:00;Strada Urbana;LUNGOTEVERE MARZIO;all'intersezione semaforizzata con;PIAZZA DEL PORTO DI RIPETTA;PIAZZA DEL PORTO DI RIPETTA;;;Scontro frontale/laterale SX fra veicoli in marcia;Intersezione semaforizzata;Una carreggiata a senso unico di marcia;Asciutto;In cubetti di porfido;Verticale ed orizzontale;Nuvoloso;Normale;Buona;Ore Diurne;0;0;0;3;;;-1;1;Autovettura privata;In marcia / fermata / arresto;Conducente;M;Illeso;0;;Non accertato;Inesistente
1690107;1;23/07/2006 17:00;Strada Urbana;LUNGOTEVERE MARZIO;all'intersezione semaforizzata con;PIAZZA DEL PORTO DI RIPETTA;PIAZZA DEL PORTO DI RIPETTA;;;Scontro frontale/laterale SX fra veicoli in marcia;Intersezione semaforizzata;Una carreggiata a senso unico di marcia;Asciutto;In cubetti di porfido;Verticale ed orizzontale;Nuvoloso;Normale;Buona;Ore Diurne;0;0;0;3;;;-1;2;Autovettura di polizia;In marcia / fermata / arresto;Conducente;M;Illeso;0;;Non accertato;Inesistente
1690107;1;23/07/2006 17:00;Strada Urbana;LUNGOTEVERE MARZIO;all'intersezione semaforizzata con;PIAZZA DEL PORTO DI RIPETTA;PIAZZA DEL PORTO DI RIPETTA;;;Scontro frontale/laterale SX fra veicoli in marcia;Intersezione semaforizzata;Una carreggiata a senso unico di marcia;Asciutto;In cubetti di porfido;Verticale ed orizzontale;Nuvoloso;Normale;Buona;Ore Diurne;0;0;0;3;;;-1;2;Autovettura di polizia;In marcia / fermata / arresto;Passeggero;M;Illeso;0;;Non accertato;Inesistente
1690109;1;24/07/2006 15:00;Strada Urbana;VIA CERNAIA;all'intersezione con;VIA PIETRO BARBIERI;VIA PIETRO BARBIERI;;;Tamponamento Multiplo;Incrocio;Una carreggiata a senso unico di marcia;Asciutto;Acciotolata;Verticale ed orizzontale;Sereno;Normale;Buona;Ore Diurne;1;0;0;2;;;-1;1;Autovettura privata;In marcia / fermata / arresto;Conducente;F;Illeso;0;;Non accertato;Inesistente
1690109;1;24/07/2006 15:00;Strada Urbana;VIA CERNAIA;all'intersezione con;VIA PIETRO BARBIERI;VIA PIETRO BARBIERI;;;Tamponamento Multiplo;Incrocio;Una carreggiata a senso unico di marcia;Asciutto;Acciotolata;Verticale ed orizzontale;Sereno;Normale;Buona;Ore Diurne;1;0;0;2;;;-1;2;Autovettura privata;In marcia / fermata / arresto;Conducente;F;Rifiuta cure immediate;0;NON DECEDUTO;Non accertato;Inesistente
1690109;1;24/07/2006 15:00;Strada Urbana;VIA CERNAIA;all'intersezione con;VIA PIETRO BARBIERI;VIA PIETRO BARBIERI;;;Tamponamento Multiplo;Incrocio;Una carreggiata a senso unico di marcia;Asciutto;Acciotolata;Verticale ed orizzontale;Sereno;Normale;Buona;Ore Diurne;1;0;0;2;;;-1;3;Autovettura privata;In marcia / fermata / arresto;Conducente;M;Illeso;0;;Non accertato;Inesistente
1690112;1;25/07/2006 14:00;Strada Urbana;VIA VICENZA;all'intersezione con;VIA VITTORIO BACHELET;VIA VITTORIO BACHELET;;;Scontro frontale/laterale DX fra veicoli in marcia;Incrocio;Una carreggiata a senso unico di marcia;Asciutto;Asfaltata;Verticale ed orizzontale;Sereno;Scarso;Buona;Ore Diurne;0;0;0;3;;;-1;1;Autovettura privata;In marcia / fermata / arresto;Conducente;M;Illeso;0;;Non accertato;Inesploso
1690112;1;25/07/2006 14:00;Strada Urbana;VIA VICENZA;all'intersezione con;VIA VITTORIO BACHELET;VIA VITTORIO BACHELET;;;Scontro frontale/laterale DX fra veicoli in marcia;Incrocio;Una carreggiata a senso unico di marcia;Asciutto;Asfaltata;Verticale ed orizzontale;Sereno;Scarso;Buona;Ore Diurne;0;0;0;3;;;-1;1;Autovettura privata;In marcia / fermata / arresto;Passeggero;M;Illeso;0;;Non accertato;Inesploso